instance,label,group,body,mass_g,evidence,inertia_method,center_x_m,center_y_m,center_z_m
LinkGroup005__Solid,BOTTOM-PLATE-X500-V5,frame_mechanical,base_link,53.550587430367884,CAD_volume_with_inferred_material_density,CAD_solid_uniform_density,-0.01978701593569574,0.10045727962636389,0.116
LinkGroup005__Solid001,TOP-PLATE-X500-V5,frame_mechanical,base_link,57.83022718371484,CAD_volume_with_inferred_material_density,CAD_solid_uniform_density,-0.019499999999999986,0.10000000000000109,0.146
LinkGroup005__Solid002,JIA-LIANJIE,frame_mechanical,base_link,5.8505372962245765,CAD_volume_with_inferred_material_density,CAD_solid_uniform_density,-0.01950417841589061,0.1564223246641735,0.10899551143231632
LinkGroup005__Solid003,GUAN-CHENG,frame_mechanical,base_link,14.438807024751338,CAD_volume_with_inferred_material_density,CAD_solid_uniform_density,-0.019500001694259656,0.18675221231746644,0.01393533160446863
LinkGroup005__Solid004,JIAO-LIANJIE,frame_mechanical,base_link,7.100299501590447,CAD_volume_with_inferred_material_density,CAD_solid_uniform_density,-0.019500215391893044,0.21755377676361862,-0.0830159593126715
LinkGroup005__Solid005,CARBON-FIBER-TUBE,frame_mechanical,base_link,10.868653944359236,CAD_volume_with_inferred_material_density,CAD_solid_uniform_density,-0.019500000000000003,0.2199535033015001,-0.09077643348940015
LinkGroup005__Solid006,JIAO-EVA,frame_mechanical,base_link,4.568409294967926,CAD_volume_with_inferred_material_density,CAD_solid_uniform_density,-0.08699153834226343,0.2199535033015001,-0.09077643348940015
LinkGroup005__Link,JIAO-EVA001,frame_mechanical,base_link,4.568409294967927,CAD_volume_with_inferred_material_density,CAD_solid_uniform_density,0.04800846165773663,0.2199535033015001,-0.0907764334894001
LinkGroup005__Solid007,MAO-JIAO,frame_mechanical,base_link,0.7214567785402594,CAD_volume_with_inferred_material_density,CAD_solid_uniform_density,-0.1407679618916357,0.21995396895588362,-0.09077645589804231
LinkGroup005__Link001,MAO-JIAO001,frame_mechanical,base_link,0.7214567785402598,CAD_volume_with_inferred_material_density,CAD_solid_uniform_density,0.1017679618916357,0.21995396895588362,-0.09077641108075782
LinkGroup005__Solid008,GB70-M3-25-DING,frame_mechanical,base_link,1.4055831425630427,CAD_volume_with_inferred_material_density,CAD_solid_uniform_density,-0.017666218034145652,0.15875279195972128,0.10225407960302668
LinkGroup005__Solid009,LM-M3-DING,frame_mechanical,base_link,0.3432006188117402,CAD_volume_with_inferred_material_density,CAD_solid_uniform_density,-0.03000000582813959,0.15874911581161366,0.10225294277425719
LinkGroup005__Solid010,GB70-M3-8-DING,frame_mechanical,base_link,0.7741310877846881,CAD_volume_with_inferred_material_density,CAD_solid_uniform_density,-0.03150282939602261,0.21559365867851019,-0.07117651593303069
LinkGroup005__Link002,GB70-M3-8-DING001,frame_mechanical,base_link,0.7741310877846883,CAD_volume_with_inferred_material_density,CAD_solid_uniform_density,-0.007502829396022605,0.21559365867851024,-0.07117651593303069
LinkGroup005__Link003,LM-M3-DING001,frame_mechanical,base_link,0.3432006188117403,CAD_volume_with_inferred_material_density,CAD_solid_uniform_density,-0.00749995340000608,0.21176381259576715,-0.07239170961559796
LinkGroup005__Link004,LM-M3-DING002,frame_mechanical,base_link,0.3432006188117404,CAD_volume_with_inferred_material_density,CAD_solid_uniform_density,-0.031499953400006095,0.21176381259576715,-0.0723917096155979
LinkGroup005__Link005,LM-M3-DING003,frame_mechanical,base_link,0.34320061881174024,CAD_volume_with_inferred_material_density,CAD_solid_uniform_density,-0.019500165799292295,0.22555081857802328,-0.08113364567352122
LinkGroup005__Solid011,GB70-M3-21-DING,frame_mechanical,base_link,1.2886197237902624,CAD_volume_with_inferred_material_density,CAD_solid_uniform_density,-0.019341058191503866,0.21773869097646856,-0.08342188202816203
LinkGroup005__Link006,JIA-LIANJIE001,frame_mechanical,base_link,5.850537296224578,CAD_volume_with_inferred_material_density,CAD_solid_uniform_density,-0.01949582158410939,0.04357767533582652,0.10899551143231632
LinkGroup005__Link007,GUAN-CHENG001,frame_mechanical,base_link,14.438807024751366,CAD_volume_with_inferred_material_density,CAD_solid_uniform_density,-0.019500001694259677,0.01324778838615029,0.013935331381370687
LinkGroup005__Link008,JIAO-LIANJIE001,frame_mechanical,base_link,7.100299501590442,CAD_volume_with_inferred_material_density,CAD_solid_uniform_density,-0.019499784608106946,-0.017553776763618585,-0.08301595931267144
LinkGroup005__Link009,CARBON-FIBER-TUBE001,frame_mechanical,base_link,10.86865394435925,CAD_volume_with_inferred_material_density,CAD_solid_uniform_density,-0.019500000000000003,-0.019953503301500048,-0.09077643348940015
LinkGroup005__Link010,JIAO-EVA002,frame_mechanical,base_link,4.568409294967927,CAD_volume_with_inferred_material_density,CAD_solid_uniform_density,0.047991538342263426,-0.019953503301500048,-0.09077643348940012
LinkGroup005__Link011,JIAO-EVA003,frame_mechanical,base_link,4.568409294967926,CAD_volume_with_inferred_material_density,CAD_solid_uniform_density,-0.08700846165773665,-0.019953503301500034,-0.0907764334894001
LinkGroup005__Link012,MAO-JIAO002,frame_mechanical,base_link,0.7214567785402599,CAD_volume_with_inferred_material_density,CAD_solid_uniform_density,0.10176796189163569,-0.019953037647116433,-0.09077641108075782
LinkGroup005__Link013,MAO-JIAO003,frame_mechanical,base_link,0.7214567785402595,CAD_volume_with_inferred_material_density,CAD_solid_uniform_density,-0.14076796189163568,-0.019953037647116433,-0.09077645589804231
LinkGroup005__Link014,LM-M3-DING004,frame_mechanical,base_link,0.34320061881174035,CAD_volume_with_inferred_material_density,CAD_solid_uniform_density,-0.03149995340000608,-0.011763912819403644,-0.07239202570552832
LinkGroup005__Link015,LM-M3-DING005,frame_mechanical,base_link,0.3432006188117404,CAD_volume_with_inferred_material_density,CAD_solid_uniform_density,-0.007500046599993892,-0.011763901708232894,-0.07239202922850196
LinkGroup005__Link016,LM-M3-DING006,frame_mechanical,base_link,0.3432006188117401,CAD_volume_with_inferred_material_density,CAD_solid_uniform_density,-0.019499957457132375,-0.02555087199180332,-0.08113385269836261
LinkGroup005__Link017,GB70-M3-8-DING002,frame_mechanical,base_link,0.774131087784689,CAD_volume_with_inferred_material_density,CAD_solid_uniform_density,-0.031502829396022634,-0.015594249977607631,-0.07117838079941462
LinkGroup005__Link018,GB70-M3-8-DING003,frame_mechanical,base_link,0.7741310877846889,CAD_volume_with_inferred_material_density,CAD_solid_uniform_density,-0.007502829396022644,-0.015594249977607631,-0.07117838079941462
LinkGroup005__Link019,GB70-M3-21-DING001,frame_mechanical,base_link,1.2886197237902695,CAD_volume_with_inferred_material_density,CAD_solid_uniform_density,-0.019341058191503856,-0.017847497078150355,-0.08376503973346641
LinkGroup005__Link020,GB70-M3-25-DING001,frame_mechanical,base_link,1.4055831425630432,CAD_volume_with_inferred_material_density,CAD_solid_uniform_density,-0.021333781965854344,0.04125454895394119,0.10225146168643329
LinkGroup005__Link021,LM-M3-DING007,frame_mechanical,base_link,0.34320061881174047,CAD_volume_with_inferred_material_density,CAD_solid_uniform_density,-0.00900000582813959,0.04125097302947011,0.10225291460513306
LinkGroup005__LinkGroup__Solid012,HMX5V-GUAN-DINGWEI,frame_mechanical,base_link,7.032210744026435,CAD_volume_with_inferred_material_density,CAD_solid_uniform_density,-0.12432072677513055,0.20482072726240133,0.13098591075695037
LinkGroup005__LinkGroup__Solid013,HMX5V-ZUO-DJ-MUJU,frame_mechanical,base_link,16.177761853063235,CAD_volume_with_inferred_material_density,CAD_solid_uniform_density,-0.17836327263253793,0.2588638520287314,0.13085578304966042
LinkGroup005__LinkGroup__Solid014,HMX5V-JIBI-JIA-MUJU,frame_mechanical,base_link,6.526983815452443,CAD_volume_with_inferred_material_density,CAD_solid_uniform_density,-0.07448459126154537,0.15496958450259524,0.12258606931453103
LinkGroup005__LinkGroup__Link022,HMX5V-JIBI-JIA-MUJU001,frame_mechanical,base_link,6.526983815452453,CAD_volume_with_inferred_material_density,CAD_solid_uniform_density,-0.07446958450259523,0.15498459126154537,0.13941393068546895
LinkGroup005__LinkGroup__Solid015,HMX5V-DIGAI-DIANJIZUO-MUJU,frame_mechanical,base_link,3.46725933270479,CAD_volume_with_inferred_material_density,CAD_solid_uniform_density,-0.1976683778129293,0.27807057787749956,0.12259762620055312
LinkGroup005__LinkGroup__Solid016,BAN-DJ-DIAN-F2,frame_mechanical,base_link,2.6056364375439456,CAD_volume_with_inferred_material_density,CAD_solid_uniform_density,-0.19535314219202718,0.2758531421920269,0.13600000000000012
LinkGroup005__LinkGroup__Solid017,GB70-M25-6,frame_mechanical,base_link,0.4223228195391485,CAD_volume_with_inferred_material_density,CAD_solid_uniform_density,-0.2161757466577111,0.2768747962836634,0.1362284560346304
LinkGroup005__LinkGroup__Link023,GB70-M25-001,frame_mechanical,base_link,0.4223228195391486,CAD_volume_with_inferred_material_density,CAD_solid_uniform_density,-0.19637675678448782,0.2966737861568867,0.1362284560346304
LinkGroup005__LinkGroup__Link024,GB70-M25-002,frame_mechanical,base_link,0.42232281953914885,CAD_volume_with_inferred_material_density,CAD_solid_uniform_density,-0.21617378615688657,0.2768767567844877,0.12427154396536962
LinkGroup005__LinkGroup__Link025,GB70-M25-003,frame_mechanical,base_link,0.42232281953914885,CAD_volume_with_inferred_material_density,CAD_solid_uniform_density,-0.19637479628366325,0.29667574665771107,0.12427154396536962
LinkGroup005__LinkGroup__Solid018,GB70-M3-38,frame_mechanical,base_link,2.079589229097776,CAD_volume_with_inferred_material_density,CAD_solid_uniform_density,-0.0860100832720233,0.15122175928513354,0.12357827711217079
LinkGroup005__LinkGroup__Link026,GB70-M3-001,frame_mechanical,base_link,2.079589229097776,CAD_volume_with_inferred_material_density,CAD_solid_uniform_density,-0.07045373408591925,0.16677810847123764,0.12357827711217079
LinkGroup005__LinkGroup__Link027,GB70-M3-002,frame_mechanical,base_link,2.0795892290977753,CAD_volume_with_inferred_material_density,CAD_solid_uniform_density,-0.06196845271168069,0.15829282709699902,0.12357827711217076
LinkGroup005__LinkGroup__Link028,GB70-M3-003,frame_mechanical,base_link,2.0795892290977753,CAD_volume_with_inferred_material_density,CAD_solid_uniform_density,-0.07752480189778473,0.14273647791089497,0.12357827711217076
LinkGroup005__LinkGroup__Solid019,GB70-M25-12,frame_mechanical,base_link,0.6089092978248982,CAD_volume_with_inferred_material_density,CAD_solid_uniform_density,-0.1864758675896512,0.25000501594544255,0.13371774074345164
LinkGroup005__LinkGroup__Link029,GB70-M25-004,frame_mechanical,base_link,0.6089092978248983,CAD_volume_with_inferred_material_density,CAD_solid_uniform_density,-0.16950530484117401,0.26697557869391975,0.13371774074345164
LinkGroup005__LinkGroup__Solid020,GB70-M25-10,frame_mechanical,base_link,0.5458577458496426,CAD_volume_with_inferred_material_density,CAD_solid_uniform_density,-0.1680914317174362,0.2316231029196627,0.13259668982912678
LinkGroup005__LinkGroup__Link030,GB70-M25-005,frame_mechanical,base_link,0.5458577458496426,CAD_volume_with_inferred_material_density,CAD_solid_uniform_density,-0.15112086896895907,0.24859366566813987,0.13259668982912678
LinkGroup005__LinkGroup__Solid021,ZSLM-M3-FALAN,frame_mechanical,base_link,0.27491973086509025,CAD_volume_with_inferred_material_density,CAD_solid_uniform_density,-0.07758875127184688,0.14253368746929565,0.11295463108596247
LinkGroup005__LinkGroup__Link031,ZSLM-M3-FALAN001,frame_mechanical,base_link,0.27491973086509025,CAD_volume_with_inferred_material_density,CAD_solid_uniform_density,-0.08607403264608544,0.15101896884353422,0.11295463108596247
LinkGroup005__LinkGroup__Link032,ZSLM-M3-FALAN002,frame_mechanical,base_link,0.27491973086509025,CAD_volume_with_inferred_material_density,CAD_solid_uniform_density,-0.0705176834599814,0.16657531802963826,0.11295463108596247
LinkGroup005__LinkGroup__Link033,ZSLM-M3-FALAN003,frame_mechanical,base_link,0.27491973086509025,CAD_volume_with_inferred_material_density,CAD_solid_uniform_density,-0.06203240208574283,0.1580900366553997,0.11295463108596247
LinkGroup005__LinkGroup__Solid022,DJ-2216-KV880,motor,base_link,64.0,manufacturer_total_KV920_variant_CAD_says_KV880,CAD_solid_uniform_density,-0.19660127664459778,0.27710241334399177,0.1526025685973037
LinkGroup005__LinkGroup__Solid023,GB70-M3-6,frame_mechanical,base_link,0.6822173719516259,CAD_volume_with_inferred_material_density,CAD_solid_uniform_density,-0.20587755965764845,0.2768759192531887,0.13546521936133704
LinkGroup005__LinkGroup__Link034,GB70-M3-004,frame_mechanical,base_link,0.6822173719516265,CAD_volume_with_inferred_material_density,CAD_solid_uniform_density,-0.18687755965768013,0.27687591925321986,0.13546521936133704
LinkGroup005__LinkGroup__Link035,GB70-M3-005,frame_mechanical,base_link,0.6822173719516267,CAD_volume_with_inferred_material_density,CAD_solid_uniform_density,-0.1963775596576233,0.26887591925316384,0.13546521936133704
LinkGroup005__LinkGroup__Link036,GB70-M3-006,frame_mechanical,base_link,0.6822173719516266,CAD_volume_with_inferred_material_density,CAD_solid_uniform_density,-0.19637755965763462,0.28487591925317407,0.13546521936133704
LinkGroup005__Link037__Solid012,HMX5V-GUAN-DINGWEI,frame_mechanical,base_link,7.032210744026435,CAD_volume_with_inferred_material_density,CAD_solid_uniform_density,-0.12432072726240131,-0.00482072677513058,0.13098591075695037
LinkGroup005__Link037__Solid013,HMX5V-ZUO-DJ-MUJU,frame_mechanical,base_link,16.177761853063235,CAD_volume_with_inferred_material_density,CAD_solid_uniform_density,-0.1783638520287314,-0.05886327263253803,0.13085578304966047
LinkGroup005__Link037__Solid014,HMX5V-JIBI-JIA-MUJU,frame_mechanical,base_link,6.526983815452443,CAD_volume_with_inferred_material_density,CAD_solid_uniform_density,-0.07446958450259523,0.04501540873845463,0.12258606931453103
LinkGroup005__Link037__Link022,HMX5V-JIBI-JIA-MUJU001,frame_mechanical,base_link,6.526983815452453,CAD_volume_with_inferred_material_density,CAD_solid_uniform_density,-0.07448459126154536,0.04503041549740476,0.13941393068546895
LinkGroup005__Link037__Solid015,HMX5V-DIGAI-DIANJIZUO-MUJU,frame_mechanical,base_link,3.46725933270479,CAD_volume_with_inferred_material_density,CAD_solid_uniform_density,-0.19757057787749951,-0.07816837781292947,0.12259762620055316
LinkGroup005__Link037__Solid016,BAN-DJ-DIAN-F2,frame_mechanical,base_link,2.6056364375439456,CAD_volume_with_inferred_material_density,CAD_solid_uniform_density,-0.1953531421920269,-0.07585314219202727,0.13600000000000012
LinkGroup005__Link037__Solid017,GB70-M25-6,frame_mechanical,base_link,0.4223228195391485,CAD_volume_with_inferred_material_density,CAD_solid_uniform_density,-0.19637479628366328,-0.09667574665771113,0.13622845603463044
LinkGroup005__Link037__Link023,GB70-M25-001,frame_mechanical,base_link,0.4223228195391486,CAD_volume_with_inferred_material_density,CAD_solid_uniform_density,-0.21617378615688657,-0.07687675678448781,0.13622845603463044
LinkGroup005__Link037__Link024,GB70-M25-002,frame_mechanical,base_link,0.42232281953914885,CAD_volume_with_inferred_material_density,CAD_solid_uniform_density,-0.1963767567844877,-0.09667378615688665,0.12427154396536962
LinkGroup005__Link037__Link025,GB70-M25-003,frame_mechanical,base_link,0.42232281953914885,CAD_volume_with_inferred_material_density,CAD_solid_uniform_density,-0.21617574665771097,-0.07687479628366332,0.12427154396536962
LinkGroup005__Link037__Solid018,GB70-M3-38,frame_mechanical,base_link,2.079589229097776,CAD_volume_with_inferred_material_density,CAD_solid_uniform_density,-0.07072175928513352,0.03348991672797672,0.12357827711217079
LinkGroup005__Link037__Link026,GB70-M3-001,frame_mechanical,base_link,2.079589229097776,CAD_volume_with_inferred_material_density,CAD_solid_uniform_density,-0.08627810847123758,0.049046265914080754,0.1235782771121708
LinkGroup005__Link037__Link027,GB70-M3-002,frame_mechanical,base_link,2.0795892290977753,CAD_volume_with_inferred_material_density,CAD_solid_uniform_density,-0.07779282709699901,0.05753154728831933,0.12357827711217077
LinkGroup005__Link037__Link028,GB70-M3-003,frame_mechanical,base_link,2.0795892290977753,CAD_volume_with_inferred_material_density,CAD_solid_uniform_density,-0.06223647791089497,0.04197519810221528,0.12357827711217076
LinkGroup005__Link037__Solid019,GB70-M25-12,frame_mechanical,base_link,0.6089092978248982,CAD_volume_with_inferred_material_density,CAD_solid_uniform_density,-0.16950501594544243,-0.06697586758965118,0.13371774074345166
LinkGroup005__Link037__Link029,GB70-M25-004,frame_mechanical,base_link,0.6089092978248983,CAD_volume_with_inferred_material_density,CAD_solid_uniform_density,-0.1864755786939196,-0.05000530484117406,0.13371774074345166
LinkGroup005__Link037__Solid020,GB70-M25-10,frame_mechanical,base_link,0.5458577458496426,CAD_volume_with_inferred_material_density,CAD_solid_uniform_density,-0.15112310291966263,-0.04859143171743619,0.13259668982912678
LinkGroup005__Link037__Link030,GB70-M25-005,frame_mechanical,base_link,0.5458577458496426,CAD_volume_with_inferred_material_density,CAD_solid_uniform_density,-0.1680936656681398,-0.031620868968959055,0.13259668982912678
LinkGroup005__Link037__Solid021,ZSLM-M3-FALAN,frame_mechanical,base_link,0.27491973086509025,CAD_volume_with_inferred_material_density,CAD_solid_uniform_density,-0.06203368746929564,0.04191124872815313,0.11295463108596247
LinkGroup005__Link037__Link031,ZSLM-M3-FALAN001,frame_mechanical,base_link,0.27491973086509025,CAD_volume_with_inferred_material_density,CAD_solid_uniform_density,-0.07051896884353422,0.03342596735391456,0.11295463108596247
LinkGroup005__Link037__Link032,ZSLM-M3-FALAN002,frame_mechanical,base_link,0.27491973086509025,CAD_volume_with_inferred_material_density,CAD_solid_uniform_density,-0.08607531802963828,0.048982316540018604,0.11295463108596247
LinkGroup005__Link037__Link033,ZSLM-M3-FALAN003,frame_mechanical,base_link,0.27491973086509025,CAD_volume_with_inferred_material_density,CAD_solid_uniform_density,-0.07759003665539971,0.057467597914257186,0.11295463108596247
LinkGroup005__Link037__Solid022,DJ-2216-KV880,motor,base_link,64.0,manufacturer_total_KV920_variant_CAD_says_KV880,CAD_solid_uniform_density,-0.19660241334399176,-0.07710127664459787,0.1526025685973037
LinkGroup005__Link037__Solid023,GB70-M3-6,frame_mechanical,base_link,0.6822173719516259,CAD_volume_with_inferred_material_density,CAD_solid_uniform_density,-0.19637591925318873,-0.08637755965764854,0.13546521936133704
LinkGroup005__Link037__Link034,GB70-M3-004,frame_mechanical,base_link,0.6822173719516265,CAD_volume_with_inferred_material_density,CAD_solid_uniform_density,-0.19637591925321982,-0.06737755965768023,0.13546521936133704
LinkGroup005__Link037__Link035,GB70-M3-005,frame_mechanical,base_link,0.6822173719516267,CAD_volume_with_inferred_material_density,CAD_solid_uniform_density,-0.18837591925316377,-0.07687755965762336,0.13546521936133704
LinkGroup005__Link037__Link036,GB70-M3-006,frame_mechanical,base_link,0.6822173719516266,CAD_volume_with_inferred_material_density,CAD_solid_uniform_density,-0.204375919253174,-0.0768775596576347,0.13546521936133704
LinkGroup005__Link038__Solid012,HMX5V-GUAN-DINGWEI,frame_mechanical,base_link,7.032210744026435,CAD_volume_with_inferred_material_density,CAD_solid_uniform_density,0.08532072677513053,-0.004820727262401363,0.13098591075695037
LinkGroup005__Link038__Solid013,HMX5V-ZUO-DJ-MUJU,frame_mechanical,base_link,16.177761853063235,CAD_volume_with_inferred_material_density,CAD_solid_uniform_density,0.1393632726325379,-0.05886385202873156,0.13085578304966045
LinkGroup005__Link038__Solid014,HMX5V-JIBI-JIA-MUJU,frame_mechanical,base_link,6.526983815452443,CAD_volume_with_inferred_material_density,CAD_solid_uniform_density,0.035484591261545365,0.04503041549740476,0.12258606931453103
LinkGroup005__Link038__Link022,HMX5V-JIBI-JIA-MUJU001,frame_mechanical,base_link,6.526983815452453,CAD_volume_with_inferred_material_density,CAD_solid_uniform_density,0.03546958450259523,0.04501540873845463,0.13941393068546895
LinkGroup005__Link038__Solid015,HMX5V-DIGAI-DIANJIZUO-MUJU,frame_mechanical,base_link,3.46725933270479,CAD_volume_with_inferred_material_density,CAD_solid_uniform_density,0.15866837781292933,-0.07807057787749969,0.12259762620055314
LinkGroup005__Link038__Solid016,BAN-DJ-DIAN-F2,frame_mechanical,base_link,2.6056364375439456,CAD_volume_with_inferred_material_density,CAD_solid_uniform_density,0.15635314219202712,-0.07585314219202703,0.13600000000000012
LinkGroup005__Link038__Solid017,GB70-M25-6,frame_mechanical,base_link,0.4223228195391485,CAD_volume_with_inferred_material_density,CAD_solid_uniform_density,0.177175746657711,-0.07687479628366337,0.1362284560346304
LinkGroup005__Link038__Link023,GB70-M25-001,frame_mechanical,base_link,0.4223228195391486,CAD_volume_with_inferred_material_density,CAD_solid_uniform_density,0.1573767567844877,-0.09667378615688668,0.1362284560346304
LinkGroup005__Link038__Link024,GB70-M25-002,frame_mechanical,base_link,0.42232281953914885,CAD_volume_with_inferred_material_density,CAD_solid_uniform_density,0.1771737861568865,-0.07687675678448778,0.12427154396536962
LinkGroup005__Link038__Link025,GB70-M25-003,frame_mechanical,base_link,0.42232281953914885,CAD_volume_with_inferred_material_density,CAD_solid_uniform_density,0.15737479628366324,-0.0966757466577111,0.12427154396536962
LinkGroup005__Link038__Solid018,GB70-M3-38,frame_mechanical,base_link,2.079589229097776,CAD_volume_with_inferred_material_density,CAD_solid_uniform_density,0.04701008327202328,0.04877824071486647,0.12357827711217079
LinkGroup005__Link038__Link026,GB70-M3-001,frame_mechanical,base_link,2.079589229097776,CAD_volume_with_inferred_material_density,CAD_solid_uniform_density,0.03145373408591923,0.03322189152876241,0.12357827711217079
LinkGroup005__Link038__Link027,GB70-M3-002,frame_mechanical,base_link,2.0795892290977753,CAD_volume_with_inferred_material_density,CAD_solid_uniform_density,0.02296845271168067,0.041707172903000994,0.12357827711217077
LinkGroup005__Link038__Link028,GB70-M3-003,frame_mechanical,base_link,2.0795892290977753,CAD_volume_with_inferred_material_density,CAD_solid_uniform_density,0.038524801897784726,0.05726352208910504,0.12357827711217076
LinkGroup005__Link038__Solid019,GB70-M25-12,frame_mechanical,base_link,0.6089092978248982,CAD_volume_with_inferred_material_density,CAD_solid_uniform_density,0.14747586758965112,-0.05000501594544257,0.13371774074345164
LinkGroup005__Link038__Link029,GB70-M25-004,frame_mechanical,base_link,0.6089092978248983,CAD_volume_with_inferred_material_density,CAD_solid_uniform_density,0.13050530484117395,-0.06697557869391971,0.13371774074345164
LinkGroup005__Link038__Solid020,GB70-M25-10,frame_mechanical,base_link,0.5458577458496426,CAD_volume_with_inferred_material_density,CAD_solid_uniform_density,0.12909143171743614,-0.03162310291966272,0.13259668982912678
LinkGroup005__Link038__Link030,GB70-M25-005,frame_mechanical,base_link,0.5458577458496426,CAD_volume_with_inferred_material_density,CAD_solid_uniform_density,0.11212086896895897,-0.04859366566813986,0.13259668982912678
LinkGroup005__Link038__Solid021,ZSLM-M3-FALAN,frame_mechanical,base_link,0.27491973086509025,CAD_volume_with_inferred_material_density,CAD_solid_uniform_density,0.03858875127184688,0.057466312530704354,0.11295463108596247
LinkGroup005__Link038__Link031,ZSLM-M3-FALAN001,frame_mechanical,base_link,0.27491973086509025,CAD_volume_with_inferred_material_density,CAD_solid_uniform_density,0.047074032646085444,0.048981031156465786,0.11295463108596247
LinkGroup005__Link038__Link032,ZSLM-M3-FALAN002,frame_mechanical,base_link,0.27491973086509025,CAD_volume_with_inferred_material_density,CAD_solid_uniform_density,0.031517683459981384,0.03342468197036173,0.11295463108596247
LinkGroup005__Link038__Link033,ZSLM-M3-FALAN003,frame_mechanical,base_link,0.27491973086509025,CAD_volume_with_inferred_material_density,CAD_solid_uniform_density,0.023032402085742816,0.041909963344600315,0.11295463108596247
LinkGroup005__Link038__Solid022,DJ-2216-KV880,motor,base_link,64.0,manufacturer_total_KV920_variant_CAD_says_KV880,CAD_solid_uniform_density,0.15760127664459775,-0.07710241334399189,0.1526025685973037
LinkGroup005__Link038__Solid023,GB70-M3-6,frame_mechanical,base_link,0.6822173719516259,CAD_volume_with_inferred_material_density,CAD_solid_uniform_density,0.16687755965764842,-0.07687591925318885,0.13546521936133704
LinkGroup005__Link038__Link034,GB70-M3-004,frame_mechanical,base_link,0.6822173719516265,CAD_volume_with_inferred_material_density,CAD_solid_uniform_density,0.14787755965768015,-0.07687591925321996,0.13546521936133704
LinkGroup005__Link038__Link035,GB70-M3-005,frame_mechanical,base_link,0.6822173719516267,CAD_volume_with_inferred_material_density,CAD_solid_uniform_density,0.1573775596576233,-0.0688759192531639,0.13546521936133704
LinkGroup005__Link038__Link036,GB70-M3-006,frame_mechanical,base_link,0.6822173719516266,CAD_volume_with_inferred_material_density,CAD_solid_uniform_density,0.15737755965763456,-0.08487591925317409,0.13546521936133704
LinkGroup005__Link039__Solid012,HMX5V-GUAN-DINGWEI,frame_mechanical,base_link,7.032210744026435,CAD_volume_with_inferred_material_density,CAD_solid_uniform_density,0.08532072726240134,0.20482072677513055,0.13098591075695037
LinkGroup005__Link039__Solid013,HMX5V-ZUO-DJ-MUJU,frame_mechanical,base_link,16.177761853063235,CAD_volume_with_inferred_material_density,CAD_solid_uniform_density,0.13936385202873147,0.25886327263253794,0.13085578304966045
LinkGroup005__Link039__Solid014,HMX5V-JIBI-JIA-MUJU,frame_mechanical,base_link,6.526983815452443,CAD_volume_with_inferred_material_density,CAD_solid_uniform_density,0.03546958450259524,0.15498459126154537,0.12258606931453103
LinkGroup005__Link039__Link022,HMX5V-JIBI-JIA-MUJU001,frame_mechanical,base_link,6.526983815452453,CAD_volume_with_inferred_material_density,CAD_solid_uniform_density,0.035484591261545365,0.15496958450259524,0.13941393068546895
LinkGroup005__Link039__Solid015,HMX5V-DIGAI-DIANJIZUO-MUJU,frame_mechanical,base_link,3.46725933270479,CAD_volume_with_inferred_material_density,CAD_solid_uniform_density,0.15857057787749962,0.2781683778129293,0.12259762620055314
LinkGroup005__Link039__Solid016,BAN-DJ-DIAN-F2,frame_mechanical,base_link,2.6056364375439456,CAD_volume_with_inferred_material_density,CAD_solid_uniform_density,0.15635314219202695,0.2758531421920271,0.13600000000000012
LinkGroup005__Link039__Solid017,GB70-M25-6,frame_mechanical,base_link,0.4223228195391485,CAD_volume_with_inferred_material_density,CAD_solid_uniform_density,0.15737479628366335,0.296675746657711,0.13622845603463035
LinkGroup005__Link039__Link023,GB70-M25-001,frame_mechanical,base_link,0.4223228195391486,CAD_volume_with_inferred_material_density,CAD_solid_uniform_density,0.17717378615688664,0.27687675678448775,0.13622845603463035
LinkGroup005__Link039__Link024,GB70-M25-002,frame_mechanical,base_link,0.42232281953914885,CAD_volume_with_inferred_material_density,CAD_solid_uniform_density,0.15737675678448773,0.29667378615688655,0.12427154396536962
LinkGroup005__Link039__Link025,GB70-M25-003,frame_mechanical,base_link,0.42232281953914885,CAD_volume_with_inferred_material_density,CAD_solid_uniform_density,0.17717574665771105,0.2768747962836632,0.12427154396536962
LinkGroup005__Link039__Solid018,GB70-M3-38,frame_mechanical,base_link,2.079589229097776,CAD_volume_with_inferred_material_density,CAD_solid_uniform_density,0.03172175928513353,0.1665100832720233,0.12357827711217079
LinkGroup005__Link039__Link026,GB70-M3-001,frame_mechanical,base_link,2.079589229097776,CAD_volume_with_inferred_material_density,CAD_solid_uniform_density,0.04727810847123759,0.15095373408591925,0.12357827711217079
LinkGroup005__Link039__Link027,GB70-M3-002,frame_mechanical,base_link,2.0795892290977753,CAD_volume_with_inferred_material_density,CAD_solid_uniform_density,0.03879282709699901,0.14246845271168068,0.12357827711217077
LinkGroup005__Link039__Link028,GB70-M3-003,frame_mechanical,base_link,2.0795892290977753,CAD_volume_with_inferred_material_density,CAD_solid_uniform_density,0.02323647791089497,0.15802480189778473,0.12357827711217076
LinkGroup005__Link039__Solid019,GB70-M25-12,frame_mechanical,base_link,0.6089092978248982,CAD_volume_with_inferred_material_density,CAD_solid_uniform_density,0.13050501594544256,0.26697586758965114,0.1337177407434516
LinkGroup005__Link039__Link029,GB70-M25-004,frame_mechanical,base_link,0.6089092978248983,CAD_volume_with_inferred_material_density,CAD_solid_uniform_density,0.14747557869391967,0.250005304841174,0.1337177407434516
LinkGroup005__Link039__Solid020,GB70-M25-10,frame_mechanical,base_link,0.5458577458496426,CAD_volume_with_inferred_material_density,CAD_solid_uniform_density,0.11212310291966268,0.24859143171743614,0.13259668982912676
LinkGroup005__Link039__Link030,GB70-M25-005,frame_mechanical,base_link,0.5458577458496426,CAD_volume_with_inferred_material_density,CAD_solid_uniform_density,0.12909366566813982,0.23162086896895903,0.13259668982912676
LinkGroup005__Link039__Solid021,ZSLM-M3-FALAN,frame_mechanical,base_link,0.27491973086509025,CAD_volume_with_inferred_material_density,CAD_solid_uniform_density,0.023033687469295645,0.15808875127184688,0.11295463108596247
LinkGroup005__Link039__Link031,ZSLM-M3-FALAN001,frame_mechanical,base_link,0.27491973086509025,CAD_volume_with_inferred_material_density,CAD_solid_uniform_density,0.031518968843534216,0.16657403264608545,0.11295463108596247
LinkGroup005__Link039__Link032,ZSLM-M3-FALAN002,frame_mechanical,base_link,0.27491973086509025,CAD_volume_with_inferred_material_density,CAD_solid_uniform_density,0.04707531802963827,0.1510176834599814,0.11295463108596247
LinkGroup005__Link039__Link033,ZSLM-M3-FALAN003,frame_mechanical,base_link,0.27491973086509025,CAD_volume_with_inferred_material_density,CAD_solid_uniform_density,0.03859003665539969,0.14253240208574283,0.11295463108596247
LinkGroup005__Link039__Solid022,DJ-2216-KV880,motor,base_link,64.0,manufacturer_total_KV920_variant_CAD_says_KV880,CAD_solid_uniform_density,0.15760241334399183,0.27710127664459777,0.1526025685973037
LinkGroup005__Link039__Solid023,GB70-M3-6,frame_mechanical,base_link,0.6822173719516259,CAD_volume_with_inferred_material_density,CAD_solid_uniform_density,0.15737591925318878,0.2863775596576485,0.13546521936133704
LinkGroup005__Link039__Link034,GB70-M3-004,frame_mechanical,base_link,0.6822173719516265,CAD_volume_with_inferred_material_density,CAD_solid_uniform_density,0.1573759192532199,0.2673775596576801,0.13546521936133704
LinkGroup005__Link039__Link035,GB70-M3-005,frame_mechanical,base_link,0.6822173719516267,CAD_volume_with_inferred_material_density,CAD_solid_uniform_density,0.14937591925316382,0.27687755965762323,0.13546521936133704
LinkGroup005__Link039__Link036,GB70-M3-006,frame_mechanical,base_link,0.6822173719516266,CAD_volume_with_inferred_material_density,CAD_solid_uniform_density,0.1653759192531741,0.27687755965763455,0.13546521936133704
LinkGroup005__LinkGroup001__Solid024,JIA-GUAN,frame_mechanical,base_link,2.0339095191454852,CAD_volume_with_inferred_material_density,CAD_solid_uniform_density,0.030500000000000013,0.07000000000000009,0.10555037061141993
LinkGroup005__LinkGroup001__Solid025,HUAN-GUIJIAO,frame_mechanical,base_link,1.979084943204133,CAD_volume_with_inferred_material_density,CAD_solid_uniform_density,0.030500000000000013,0.07,0.10200000000000001
LinkGroup005__LinkGroup001__Link040,GB70-M25-006,frame_mechanical,base_link,0.4223228195391487,CAD_volume_with_inferred_material_density,CAD_solid_uniform_density,0.030499123326157694,0.06300138628342748,0.11622845603463039
LinkGroup005__LinkGroup001__Link041,GB70-M25-007,frame_mechanical,base_link,0.4223228195391486,CAD_volume_with_inferred_material_density,CAD_solid_uniform_density,0.03049912332615769,0.0770013862834275,0.11622845603463039
LinkGroup005__Link042__Solid024,JIA-GUAN,frame_mechanical,base_link,2.0339095191454852,CAD_volume_with_inferred_material_density,CAD_solid_uniform_density,0.030500000000000013,0.1300000000000001,0.10555037061141993
LinkGroup005__Link042__Solid025,HUAN-GUIJIAO,frame_mechanical,base_link,1.979084943204133,CAD_volume_with_inferred_material_density,CAD_solid_uniform_density,0.030500000000000013,0.13,0.10200000000000001
LinkGroup005__Link042__Link040,GB70-M25-006,frame_mechanical,base_link,0.4223228195391487,CAD_volume_with_inferred_material_density,CAD_solid_uniform_density,0.030499123326157694,0.1230013862834275,0.11622845603463039
LinkGroup005__Link042__Link041,GB70-M25-007,frame_mechanical,base_link,0.4223228195391486,CAD_volume_with_inferred_material_density,CAD_solid_uniform_density,0.03049912332615769,0.13700138628342748,0.11622845603463039
LinkGroup005__Link043__Solid024,JIA-GUAN,frame_mechanical,base_link,2.0339095191454852,CAD_volume_with_inferred_material_density,CAD_solid_uniform_density,-0.06950000000000002,0.07000000000000009,0.10555037061141993
LinkGroup005__Link043__Solid025,HUAN-GUIJIAO,frame_mechanical,base_link,1.979084943204133,CAD_volume_with_inferred_material_density,CAD_solid_uniform_density,-0.06950000000000002,0.07,0.10200000000000001
LinkGroup005__Link043__Link040,GB70-M25-006,frame_mechanical,base_link,0.4223228195391487,CAD_volume_with_inferred_material_density,CAD_solid_uniform_density,-0.06950087667384233,0.06300138628342748,0.11622845603463039
LinkGroup005__Link043__Link041,GB70-M25-007,frame_mechanical,base_link,0.4223228195391486,CAD_volume_with_inferred_material_density,CAD_solid_uniform_density,-0.06950087667384235,0.0770013862834275,0.11622845603463039
LinkGroup005__Link044__Solid024,JIA-GUAN,frame_mechanical,base_link,2.0339095191454852,CAD_volume_with_inferred_material_density,CAD_solid_uniform_density,-0.06950000000000002,0.1300000000000001,0.10555037061141993
LinkGroup005__Link044__Solid025,HUAN-GUIJIAO,frame_mechanical,base_link,1.979084943204133,CAD_volume_with_inferred_material_density,CAD_solid_uniform_density,-0.06950000000000002,0.13,0.10200000000000001
LinkGroup005__Link044__Link040,GB70-M25-006,frame_mechanical,base_link,0.4223228195391487,CAD_volume_with_inferred_material_density,CAD_solid_uniform_density,-0.06950087667384233,0.1230013862834275,0.11622845603463039
LinkGroup005__Link044__Link041,GB70-M25-007,frame_mechanical,base_link,0.4223228195391486,CAD_volume_with_inferred_material_density,CAD_solid_uniform_density,-0.06950087667384235,0.13700138628342748,0.11622845603463039
LinkGroup005__Solid026,CARBON-FIBER-TUBE300,frame_mechanical,base_link,7.413765963390213,CAD_volume_with_inferred_material_density,CAD_solid_uniform_density,-0.014500000000000006,0.07,0.10200000000000001
LinkGroup005__Link045,CARBON-FIBER-TUBE301,frame_mechanical,base_link,7.4137659633902215,CAD_volume_with_inferred_material_density,CAD_solid_uniform_density,-0.014500000000000018,0.13,0.10200000000000001
LinkGroup005__LinkGroup002__Link046,JIA-GUAN001,frame_mechanical,base_link,2.0339095191454852,CAD_volume_with_inferred_material_density,CAD_solid_uniform_density,0.09750000000000003,0.07050000000000009,0.09844962938858007
LinkGroup005__LinkGroup002__Link047,HUAN-GUIJIAO001,frame_mechanical,base_link,1.979084943204133,CAD_volume_with_inferred_material_density,CAD_solid_uniform_density,0.09750000000000003,0.07050000000000001,0.10200000000000001
LinkGroup005__LinkGroup002__Solid027,M25-6-CHEN-LIU,frame_mechanical,base_link,0.0767250797844844,CAD_volume_with_inferred_material_density,CAD_solid_uniform_density,0.09749928988544053,0.06349962882118831,0.08936006965470776
LinkGroup005__LinkGroup002__Link048,M25-6-CHEN-LIU001,frame_mechanical,base_link,0.0767250797844844,CAD_volume_with_inferred_material_density,CAD_solid_uniform_density,0.09749928988544053,0.07749962882118831,0.08936006965470776
LinkGroup005__Link049__Link046,JIA-GUAN001,frame_mechanical,base_link,2.0339095191454852,CAD_volume_with_inferred_material_density,CAD_solid_uniform_density,0.09750000000000003,0.1295000000000001,0.09844962938858007
LinkGroup005__Link049__Link047,HUAN-GUIJIAO001,frame_mechanical,base_link,1.979084943204133,CAD_volume_with_inferred_material_density,CAD_solid_uniform_density,0.09750000000000003,0.1295,0.10200000000000001
LinkGroup005__Link049__Solid027,M25-6-CHEN-LIU,frame_mechanical,base_link,0.0767250797844844,CAD_volume_with_inferred_material_density,CAD_solid_uniform_density,0.09749928988544053,0.12249962882118831,0.08936006965470776
LinkGroup005__Link049__Link048,M25-6-CHEN-LIU001,frame_mechanical,base_link,0.0767250797844844,CAD_volume_with_inferred_material_density,CAD_solid_uniform_density,0.09749928988544053,0.13649962882118832,0.08936006965470776
LinkGroup005__Link050__Link046,JIA-GUAN001,frame_mechanical,base_link,2.0339095191454852,CAD_volume_with_inferred_material_density,CAD_solid_uniform_density,0.06150000000000001,0.07050000000000009,0.09844962938858007
LinkGroup005__Link050__Link047,HUAN-GUIJIAO001,frame_mechanical,base_link,1.979084943204133,CAD_volume_with_inferred_material_density,CAD_solid_uniform_density,0.06150000000000001,0.07050000000000001,0.10200000000000001
LinkGroup005__Link050__Solid027,M25-6-CHEN-LIU,frame_mechanical,base_link,0.0767250797844844,CAD_volume_with_inferred_material_density,CAD_solid_uniform_density,0.06149928988544051,0.06349962882118831,0.08936006965470776
LinkGroup005__Link050__Link048,M25-6-CHEN-LIU001,frame_mechanical,base_link,0.0767250797844844,CAD_volume_with_inferred_material_density,CAD_solid_uniform_density,0.06149928988544052,0.07749962882118831,0.08936006965470776
LinkGroup005__Link051__Link046,JIA-GUAN001,frame_mechanical,base_link,2.0339095191454852,CAD_volume_with_inferred_material_density,CAD_solid_uniform_density,0.06150000000000001,0.1295000000000001,0.09844962938858007
LinkGroup005__Link051__Link047,HUAN-GUIJIAO001,frame_mechanical,base_link,1.979084943204133,CAD_volume_with_inferred_material_density,CAD_solid_uniform_density,0.06150000000000001,0.1295,0.10200000000000001
LinkGroup005__Link051__Solid027,M25-6-CHEN-LIU,frame_mechanical,base_link,0.0767250797844844,CAD_volume_with_inferred_material_density,CAD_solid_uniform_density,0.06149928988544051,0.12249962882118831,0.08936006965470776
LinkGroup005__Link051__Link048,M25-6-CHEN-LIU001,frame_mechanical,base_link,0.0767250797844844,CAD_volume_with_inferred_material_density,CAD_solid_uniform_density,0.06149928988544052,0.13649962882118832,0.08936006965470776
LinkGroup005__Solid028,PYLONS-X500,frame_mechanical,base_link,8.175451393069189,CAD_volume_with_inferred_material_density,CAD_solid_uniform_density,0.015510000000000787,0.10000000000000207,0.08631277287792441
LinkGroup005__Link052,PYLONS-X501,frame_mechanical,base_link,8.175451393069189,CAD_volume_with_inferred_material_density,CAD_solid_uniform_density,-0.05448999999999923,0.10000000000000206,0.08631277287792441
LinkGroup005__Link053,GB70-M3-8-DING004,frame_mechanical,base_link,0.7741310877846882,CAD_volume_with_inferred_material_density,CAD_solid_uniform_density,-0.006000978182147236,0.03200282939602261,0.11576801728207618
LinkGroup005__Link054,GB70-M3-8-DING005,frame_mechanical,base_link,0.774131087784688,CAD_volume_with_inferred_material_density,CAD_solid_uniform_density,-0.03300097818214724,0.03200282939602261,0.11576801728207618
LinkGroup005__Link055,GB70-M3-8-DING006,frame_mechanical,base_link,0.7741310877846882,CAD_volume_with_inferred_material_density,CAD_solid_uniform_density,-0.033000978182147235,0.057002829396022615,0.11576801728207618
LinkGroup005__Link056,GB70-M3-8-DING007,frame_mechanical,base_link,0.7741310877846882,CAD_volume_with_inferred_material_density,CAD_solid_uniform_density,-0.006000978182147236,0.057002829396022615,0.11576801728207618
LinkGroup005__Link057,GB70-M3-8-DING008,frame_mechanical,base_link,0.774131087784688,CAD_volume_with_inferred_material_density,CAD_solid_uniform_density,-0.03300097818214724,0.1680028293960226,0.11576801728207615
LinkGroup005__Link058,GB70-M3-8-DING009,frame_mechanical,base_link,0.7741310877846882,CAD_volume_with_inferred_material_density,CAD_solid_uniform_density,-0.006000978182147236,0.1680028293960226,0.11576801728207615
LinkGroup005__Link059,GB70-M3-8-DING010,frame_mechanical,base_link,0.7741310877846885,CAD_volume_with_inferred_material_density,CAD_solid_uniform_density,-0.006000978182147236,0.1430028293960226,0.11576801728207617
LinkGroup005__Link060,GB70-M3-8-DING011,frame_mechanical,base_link,0.7741310877846882,CAD_volume_with_inferred_material_density,CAD_solid_uniform_density,-0.033000978182147235,0.1430028293960226,0.11576801728207617
LinkGroup005__Link065,M25-6-CHEN-LIU002,frame_mechanical,base_link,0.07672507978448438,CAD_volume_with_inferred_material_density,CAD_solid_uniform_density,0.015510371178811695,0.1124992898854405,0.07084553793942776
LinkGroup005__Link066,M25-6-CHEN-LIU003,frame_mechanical,base_link,0.07672507978448438,CAD_volume_with_inferred_material_density,CAD_solid_uniform_density,0.015510371178811695,0.08749928988544049,0.07084553793942774
LinkGroup005__Link067,M25-6-CHEN-LIU004,frame_mechanical,base_link,0.07672507978448438,CAD_volume_with_inferred_material_density,CAD_solid_uniform_density,-0.05448962882118832,0.1124992898854405,0.07084553793942776
LinkGroup005__Link068,M25-6-CHEN-LIU005,frame_mechanical,base_link,0.07672507978448438,CAD_volume_with_inferred_material_density,CAD_solid_uniform_density,-0.05448962882118832,0.08749928988544049,0.07084553793942774
LinkGroup005__Solid031,PLATFORM-PLAT-X500,frame_mechanical,base_link,14.671095464504074,CAD_volume_with_inferred_material_density,CAD_solid_uniform_density,0.07950000000000003,0.09999999999999999,0.08800405300717125
LinkGroup005__LinkGroup003__Solid032,GPS-ZHIJIA-ZUO,frame_mechanical,base_link,5.3872983664305405,CAD_volume_with_inferred_material_density,CAD_solid_uniform_density,0.07949854469789934,0.10005771164268766,0.09425008032573748
LinkGroup005__LinkGroup003__Solid033,GPS-ZHIJIA-ZHUANJIETOU,frame_mechanical,base_link,1.3500926484376277,CAD_volume_with_inferred_material_density,CAD_solid_uniform_density,0.07950000066961145,0.09999999913272882,0.11048251094814752
LinkGroup005__LinkGroup003__Solid034,GAN-GPSV5-ZHIJIA,frame_mechanical,base_link,2.811428620894856,CAD_volume_with_inferred_material_density,CAD_solid_uniform_density,0.07947050893165752,0.09997050893165749,0.16592996484339886
LinkGroup005__LinkGroup003__Solid035,GPSV5-ZHIJIA-LUOMAO,frame_mechanical,base_link,4.319524293075277,CAD_volume_with_inferred_material_density,CAD_solid_uniform_density,0.07951052123618428,0.09998521976435142,0.10522064030006233
LinkGroup005__LinkGroup003__Solid036,GPSV5-ZHIJIA-TUOPAN,frame_mechanical,base_link,3.0639220038758608,CAD_volume_with_inferred_material_density,CAD_solid_uniform_density,0.07947341152608388,0.09997341146530675,0.21975520975809015
LinkGroup005__Solid037,ZHIJIA-CAMERA-INTEL,frame_mechanical,base_link,49.46338946788428,CAD_volume_with_inferred_material_density,CAD_solid_uniform_density,-0.12431366598057512,0.09998452715721275,0.08744203398222991
LinkGroup005__Solid038,GAI-GUANGLIU,frame_mechanical,base_link,6.305616642510731,CAD_volume_with_inferred_material_density,CAD_solid_uniform_density,-0.12500000000000003,0.10000000000000003,0.0668061822772456
LinkGroup005__Solid039,M3-16-CHEN-LIU,frame_mechanical,base_link,0.26301723086029527,CAD_volume_with_inferred_material_density,CAD_solid_uniform_density,-0.12500948982323234,0.0859931487765142,0.07276404067818722
LinkGroup005__Link069,M3-16-CHEN-LIU001,frame_mechanical,base_link,0.2630172308602954,CAD_volume_with_inferred_material_density,CAD_solid_uniform_density,-0.12500948982323234,0.1139931487765142,0.07276404067818723
LinkGroup005__Solid040,X500-TAO-XT60,frame_mechanical,base_link,5.373293605730941,CAD_volume_with_inferred_material_density,CAD_solid_uniform_density,0.009644497801734894,0.05300000000068535,0.11063832733535935
LinkGroup005__Solid041,LM-M3-NILONG,frame_mechanical,base_link,0.05041066758967852,CAD_volume_with_inferred_material_density,CAD_solid_uniform_density,-0.12500011715879325,0.11400012310611503,0.07556334389524028
LinkGroup005__Link070,LM-M3-NILONG001,frame_mechanical,base_link,0.050410667589678465,CAD_volume_with_inferred_material_density,CAD_solid_uniform_density,-0.12500011715879325,0.08600012310611506,0.07556334389524028
LinkGroup005__Solid042,TOU-XT60H-M-14AWG,frame_mechanical,base_link,19.292276690543403,CAD_volume_with_inferred_material_density,CAD_solid_uniform_density,0.009898406898226185,0.05298084191494913,0.10641729621492181
LinkGroup005__LinkGroup004__Solid043,PCB-PM06,power_module_pm06,base_link,22.92151682915826,manufacturer_total_CAD_distribution,CAD_solid_uniform_density,-0.011009850040957904,0.09974174825289518,0.12347269041202562
LinkGroup005__LinkGroup004__Solid044,BM06B-WO,power_module_pm06,base_link,1.078483170841738,manufacturer_total_CAD_distribution,CAD_solid_uniform_density,-0.03444271424036759,0.0945,0.12540097377845946
LinkGroup005__Solid045,NILONGZHU-M3-5,frame_mechanical,base_link,0.10285686388812493,CAD_volume_with_inferred_material_density,CAD_solid_uniform_density,-0.004247763566281567,0.11525028681035639,0.1195008182726408
LinkGroup005__Link071,NILONGZHU-M3-001,frame_mechanical,base_link,0.10285686388812493,CAD_volume_with_inferred_material_density,CAD_solid_uniform_density,-0.03474776356628157,0.11525028681035639,0.1195008182726408
LinkGroup005__Link072,NILONGZHU-M3-002,frame_mechanical,base_link,0.10285686388812494,CAD_volume_with_inferred_material_density,CAD_solid_uniform_density,-0.03474776356628157,0.08475028681035637,0.1195008182726408
LinkGroup005__Link073,NILONGZHU-M3-003,frame_mechanical,base_link,0.10285686388812496,CAD_volume_with_inferred_material_density,CAD_solid_uniform_density,-0.004247763566281567,0.08475028681035637,0.1195008182726408
LinkGroup005__Solid046,M3-14-PAN,frame_mechanical,base_link,0.12279614297866694,CAD_volume_with_inferred_material_density,CAD_solid_uniform_density,-0.004248681321199579,0.11524973623981052,0.11942072013657432
LinkGroup005__Link074,M3-14-PAN001,frame_mechanical,base_link,0.12279614297866705,CAD_volume_with_inferred_material_density,CAD_solid_uniform_density,-0.034748681321199584,0.11524973623981052,0.11942072013657432
LinkGroup005__Link075,M3-14-PAN002,frame_mechanical,base_link,0.12279614297866705,CAD_volume_with_inferred_material_density,CAD_solid_uniform_density,-0.034748681321199584,0.08474973623981052,0.11942072013657432
LinkGroup005__Link076,M3-14-PAN003,frame_mechanical,base_link,0.12279614297866705,CAD_volume_with_inferred_material_density,CAD_solid_uniform_density,-0.004248681321199579,0.08474973623981052,0.11942072013657432
LinkGroup005__Solid047,ZSLM-M3-DING,frame_mechanical,base_link,0.5246035451028127,CAD_volume_with_inferred_material_density,CAD_solid_uniform_density,-0.00424752679589292,0.08475070725393233,0.12506879406769134
LinkGroup005__Link077,ZSLM-M3-DING001,frame_mechanical,base_link,0.5246035451028126,CAD_volume_with_inferred_material_density,CAD_solid_uniform_density,-0.00424752679589292,0.11525070725393236,0.12506879406769134
LinkGroup005__Link078,ZSLM-M3-DING002,frame_mechanical,base_link,0.5246035451028127,CAD_volume_with_inferred_material_density,CAD_solid_uniform_density,-0.03474752679589292,0.11525070725393236,0.12506879406769134
LinkGroup005__Link079,ZSLM-M3-DING003,frame_mechanical,base_link,0.5246035451028126,CAD_volume_with_inferred_material_density,CAD_solid_uniform_density,-0.03474752679589292,0.08475070725393233,0.12506879406769134
LinkGroup005__Solid048,M3-10-PAN-DING,frame_mechanical,base_link,0.5545257390956121,CAD_volume_with_inferred_material_density,CAD_solid_uniform_density,0.09081581832106665,0.08868742035023804,0.08938439399777676
LinkGroup005__Link080,M3-10-PAN-DING001,frame_mechanical,base_link,0.5545257390956126,CAD_volume_with_inferred_material_density,CAD_solid_uniform_density,0.06818840132308662,0.08868742035023804,0.08938439399777676
LinkGroup005__Link081,M3-10-PAN-DING002,frame_mechanical,base_link,0.5545257390956124,CAD_volume_with_inferred_material_density,CAD_solid_uniform_density,0.06818840132308662,0.11131483734819804,0.08938439399777676
LinkGroup005__Link082,M3-10-PAN-DING003,frame_mechanical,base_link,0.5545257390956126,CAD_volume_with_inferred_material_density,CAD_solid_uniform_density,0.09081581832106665,0.11131483734819804,0.08938439399777676
LinkGroup005__Link083,ZSLM-M3-DING004,frame_mechanical,base_link,0.5246035451028127,CAD_volume_with_inferred_material_density,CAD_solid_uniform_density,0.09081618170310711,0.08868699875495233,0.09286879406769133
LinkGroup005__Link084,ZSLM-M3-DING005,frame_mechanical,base_link,0.5246035451028126,CAD_volume_with_inferred_material_density,CAD_solid_uniform_density,0.09081618170310711,0.11131441575291234,0.09286879406769133
LinkGroup005__Link085,ZSLM-M3-DING006,frame_mechanical,base_link,0.5246035451028126,CAD_volume_with_inferred_material_density,CAD_solid_uniform_density,0.06818876470512708,0.11131441575291234,0.09286879406769133
LinkGroup005__Link086,ZSLM-M3-DING007,frame_mechanical,base_link,0.5246035451028126,CAD_volume_with_inferred_material_density,CAD_solid_uniform_density,0.06818876470512708,0.08868699875495233,0.09286879406769133
LinkGroup005__Link087,GB70-M25-008,frame_mechanical,base_link,0.6089092978248982,CAD_volume_with_inferred_material_density,CAD_solid_uniform_density,0.10850020428013085,0.057001666449436786,0.08571774074345163
LinkGroup005__Link088,GB70-M25-009,frame_mechanical,base_link,0.6089092978248983,CAD_volume_with_inferred_material_density,CAD_solid_uniform_density,0.10850020428013085,0.1430016664494368,0.0857177407434516
LinkGroup005__Link089,GB70-M25-010,frame_mechanical,base_link,0.6089092978248982,CAD_volume_with_inferred_material_density,CAD_solid_uniform_density,0.050500204280130835,0.1430016664494368,0.0857177407434516
LinkGroup005__Link090,GB70-M25-011,frame_mechanical,base_link,0.6089092978248986,CAD_volume_with_inferred_material_density,CAD_solid_uniform_density,0.050500204280130835,0.057001666449436786,0.08571774074345163
LinkGroup005__Solid049,NILONGZHU-M25-5,frame_mechanical,base_link,0.07249021208184665,CAD_volume_with_inferred_material_density,CAD_solid_uniform_density,0.10849918267508785,0.057001873134737244,0.08452840731646281
LinkGroup005__Link091,NILONGZHU-M25-001,frame_mechanical,base_link,0.07249021208184665,CAD_volume_with_inferred_material_density,CAD_solid_uniform_density,0.10849918267508785,0.14300187313473725,0.08452840731646281
LinkGroup005__Link092,NILONGZHU-M25-002,frame_mechanical,base_link,0.0724902120818467,CAD_volume_with_inferred_material_density,CAD_solid_uniform_density,0.05049918267508782,0.14300187313473725,0.08452840731646281
LinkGroup005__Link093,NILONGZHU-M25-003,frame_mechanical,base_link,0.0724902120818467,CAD_volume_with_inferred_material_density,CAD_solid_uniform_density,0.05049918267508782,0.057001873134737244,0.08452840731646281
LinkGroup005__Solid050,ZSLM-M25,frame_mechanical,base_link,0.10429424128698672,CAD_volume_with_inferred_material_density,CAD_solid_uniform_density,0.10849793982240571,0.05700058914127737,0.07884329454622654
LinkGroup005__Link094,ZSLM-M001,frame_mechanical,base_link,0.1042942412869867,CAD_volume_with_inferred_material_density,CAD_solid_uniform_density,0.10849793982240571,0.1430005891412774,0.07884329454622654
LinkGroup005__Link095,ZSLM-M002,frame_mechanical,base_link,0.10429424128698668,CAD_volume_with_inferred_material_density,CAD_solid_uniform_density,0.05049793982240567,0.1430005891412774,0.07884329454622654
LinkGroup005__Link096,ZSLM-M003,frame_mechanical,base_link,0.10429424128698668,CAD_volume_with_inferred_material_density,CAD_solid_uniform_density,0.05049793982240567,0.05700058914127737,0.07884329454622654
CombinedShell,camera-x-axis,camera_pan,cam_x_pan,179.99999999999997,user_400g_total_provisional_subassembly_allocation,bounding_box_estimate,-0.026055510687599998,0.09999999999999995,0.021645233781500003
LinkGroup006__Compound001,Compound001,camera_mount,camera_mount,55.94182605008933,user_400g_total_provisional_subassembly_allocation,CAD_solid_uniform_density,-0.019260068278600873,0.0998853960636,0.07106144273822536
Shell003,camera-y-axis,camera_tilt,cam_y_tilt,139.71862335333333,user_400g_total_provisional_subassembly_allocation,bounding_box_estimate,-0.014712380218400937,0.09999979624006514,-1.5479999859735472e-10
Body002,camera-halte-platte-static-to-drone,camera_mount,camera_mount,24.058173949910664,user_400g_total_provisional_subassembly_allocation,CAD_solid_uniform_density,-0.020174315344662148,0.10194047192087077,0.06954891200000009
Solid051,10x4.5R-front-right,prop_1,prop_1,12.5,manufacturer_total,CAD_solid_uniform_density,0.1574986917226728,-0.07700023434145471,0.17455244677404233
Solid052,10x4.5R-front-left,prop_2,prop_2,12.5,manufacturer_total,CAD_solid_uniform_density,0.15749869172267286,0.2764997656585451,0.17455244677404233
Solid053,10x4.5R-back-left,prop_3,prop_3,12.5,manufacturer_total,CAD_solid_uniform_density,-0.19600130827732698,0.2764997656585451,0.17455244677404233
Solid054,10x4.5R-back-right,prop_4,prop_4,12.5,manufacturer_total,CAD_solid_uniform_density,-0.196001308277327,-0.07700023434145471,0.17455244677404233
Body004,"camera-yaxis-camera-cover-black-first-combine-this-with-yaxis-camera,make",camera_tilt,cam_y_tilt,0.28137664666670187,user_400g_total_provisional_subassembly_allocation,CAD_solid_uniform_density,0.02349797285167719,0.10093917800000002,7.285853238925109e-19
Body005,"Lumenier-NAV-12,000-mAh-4S-Amprius-Li-ion-pack-0.465kg-blue-color-static-to-drone",battery,base_link,465.0,manufacturer_total,CAD_solid_uniform_density,-0.02005445900000004,0.09999999999999995,0.167923813
LinkGroup015__LinkGroup007__Solid055,Solid055,khadas_edge2,base_link,9.417721387494911,manufacturer_total_CAD_distribution,CAD_solid_uniform_density,-0.02186235981999554,0.0950329126014282,0.14259999853419872
LinkGroup015__LinkGroup007__Compound,Compound,wire_artwork,base_link,0.0,nonphysical_wire_artwork,none,0,0,0
LinkGroup015__LinkGroup011__Solid056,TP_1R5,khadas_edge2,base_link,0.0002047095223296024,manufacturer_total_CAD_distribution,CAD_solid_uniform_density,-0.02819040000017949,0.112879,0.1430957433
LinkGroup015__LinkGroup011__Link097,TP_1R001,khadas_edge2,base_link,0.0002047095223296024,manufacturer_total_CAD_distribution,CAD_solid_uniform_density,-0.026158400000179483,0.112879,0.1430957433
LinkGroup015__LinkGroup011__Link098,TP_1R002,khadas_edge2,base_link,0.0002047095223296024,manufacturer_total_CAD_distribution,CAD_solid_uniform_density,-0.024126400000179488,0.112879,0.1430957433
LinkGroup015__LinkGroup011__Link099,TP_1R003,khadas_edge2,base_link,0.00020470952232960236,manufacturer_total_CAD_distribution,CAD_solid_uniform_density,-0.022094399999820512,0.112879,0.1430957433
LinkGroup015__LinkGroup011__Link100,TP_1R004,khadas_edge2,base_link,0.00020470952232960236,manufacturer_total_CAD_distribution,CAD_solid_uniform_density,-0.020062399999820506,0.112879,0.1430957433
LinkGroup015__LinkGroup011__Link101,TP_1R005,khadas_edge2,base_link,0.0002047095223296024,manufacturer_total_CAD_distribution,CAD_solid_uniform_density,-0.01803039999982051,0.112879,0.1430957433
LinkGroup015__LinkGroup011__Link102,TP_1R006,khadas_edge2,base_link,0.0002047095223296024,manufacturer_total_CAD_distribution,CAD_solid_uniform_density,-0.015998399999820508,0.112879,0.14309574330000002
LinkGroup015__LinkGroup011__LinkGroup008__Solid057,Solid057,khadas_edge2,base_link,0.1790905073779531,manufacturer_total_CAD_distribution,CAD_solid_uniform_density,-0.05727995849236929,0.10843400000027723,0.14043474800359665
LinkGroup015__LinkGroup011__LinkGroup008__Compound002,Compound002,wire_artwork,base_link,0.0,nonphysical_wire_artwork,none,0,0,0
LinkGroup015__LinkGroup011__Solid058,BGA1253_17R00X17R00X1R10_1,khadas_edge2,base_link,0.8556196739855786,manufacturer_total_CAD_distribution,CAD_solid_uniform_density,-0.021561007876791848,0.09001903296710843,0.14133966476982454
LinkGroup015__LinkGroup011__Solid059,XPWR_1,khadas_edge2,base_link,0.002938871867518983,manufacturer_total_CAD_distribution,CAD_solid_uniform_density,-0.058137000006838566,0.09230499999981764,0.14309654340455902
LinkGroup015__LinkGroup011__Solid060,BDGAR6S1_1,khadas_edge2,base_link,0.0037839117306117595,manufacturer_total_CAD_distribution,CAD_solid_uniform_density,-0.0436588984,0.12173999320000001,0.141624969
LinkGroup015__LinkGroup011__Link103,BDGAR6S1_001,khadas_edge2,base_link,0.0037839117306117595,manufacturer_total_CAD_distribution,CAD_solid_uniform_density,-0.0005209100000000006,0.12173999320000001,0.141624969
LinkGroup015__LinkGroup011__LinkGroup009__Solid061,Solid061,khadas_edge2,base_link,0.019829451817346633,manufacturer_total_CAD_distribution,CAD_solid_uniform_density,0.015268893538597625,0.07158264395433428,0.14153136226201896
LinkGroup015__LinkGroup011__LinkGroup009__Compound003,Compound003,wire_artwork,base_link,0.0,nonphysical_wire_artwork,none,0,0,0
LinkGroup015__LinkGroup011__Link104__Solid061,Solid061,khadas_edge2,base_link,0.019829451817346633,manufacturer_total_CAD_distribution,CAD_solid_uniform_density,-0.04492910646140238,0.07158264395433428,0.14153136226201896
LinkGroup015__LinkGroup011__Link104__Compound003,Compound003,wire_artwork,base_link,0.0,nonphysical_wire_artwork,none,0,0,0
LinkGroup015__LinkGroup011__LinkGroup010__Solid062,TS-B017_1,khadas_edge2,base_link,0.00167115292006337,manufacturer_total_CAD_distribution,CAD_solid_uniform_density,-0.06165166264086468,0.08124809312421485,0.1420259398786478
LinkGroup015__LinkGroup011__LinkGroup010__Solid063,TS-B017_2,khadas_edge2,base_link,0.002375046479344778,manufacturer_total_CAD_distribution,CAD_solid_uniform_density,-0.06182504484487451,0.08353505992924375,0.14231053895251303
LinkGroup015__LinkGroup011__LinkGroup010__Solid064,TS-B017_3,khadas_edge2,base_link,0.04849909370397593,manufacturer_total_CAD_distribution,CAD_solid_uniform_density,-0.06194115530542568,0.08248548500531297,0.14194486123682226
LinkGroup015__LinkGroup011__LinkGroup010__Solid065,TS-B017_4,khadas_edge2,base_link,0.006023671948971059,manufacturer_total_CAD_distribution,CAD_solid_uniform_density,-0.06297828483644204,0.08251529870861464,0.14228581344787591
LinkGroup015__LinkGroup011__LinkGroup010__Solid066,TS-B017_5,khadas_edge2,base_link,0.0013147579243689104,manufacturer_total_CAD_distribution,CAD_solid_uniform_density,-0.06251559999999932,0.0825152989999001,0.14229730676053443
LinkGroup015__LinkGroup011__LinkGroup010__Solid067,TS-B017_6,khadas_edge2,base_link,0.010529164423044381,manufacturer_total_CAD_distribution,CAD_solid_uniform_density,-0.06324484613335526,0.08252964785521431,0.14234989153744232
LinkGroup015__LinkGroup011__Link105__Solid062,TS-B017_1,khadas_edge2,base_link,0.00167115292006337,manufacturer_total_CAD_distribution,CAD_solid_uniform_density,-0.06165166264086468,0.0912830931242147,0.1420259398786478
LinkGroup015__LinkGroup011__Link105__Solid063,TS-B017_2,khadas_edge2,base_link,0.002375046479344778,manufacturer_total_CAD_distribution,CAD_solid_uniform_density,-0.06182504484487451,0.0935700599292436,0.14231053895251303
LinkGroup015__LinkGroup011__Link105__Solid064,TS-B017_3,khadas_edge2,base_link,0.04849909370397593,manufacturer_total_CAD_distribution,CAD_solid_uniform_density,-0.06194115530542568,0.09252048500531282,0.14194486123682226
LinkGroup015__LinkGroup011__Link105__Solid065,TS-B017_4,khadas_edge2,base_link,0.006023671948971059,manufacturer_total_CAD_distribution,CAD_solid_uniform_density,-0.06297828483644204,0.09255029870861449,0.14228581344787591
LinkGroup015__LinkGroup011__Link105__Solid066,TS-B017_5,khadas_edge2,base_link,0.0013147579243689104,manufacturer_total_CAD_distribution,CAD_solid_uniform_density,-0.06251559999999932,0.09255029899989996,0.14229730676053443
LinkGroup015__LinkGroup011__Link105__Solid067,TS-B017_6,khadas_edge2,base_link,0.010529164423044381,manufacturer_total_CAD_distribution,CAD_solid_uniform_density,-0.06324484613335526,0.09256464785521416,0.14234989153744232
LinkGroup015__LinkGroup011__Link106__Solid062,TS-B017_1,khadas_edge2,base_link,0.00167115292006337,manufacturer_total_CAD_distribution,CAD_solid_uniform_density,-0.06165166264086468,0.10131809312421479,0.1420259398786478
LinkGroup015__LinkGroup011__Link106__Solid063,TS-B017_2,khadas_edge2,base_link,0.002375046479344778,manufacturer_total_CAD_distribution,CAD_solid_uniform_density,-0.06182504484487451,0.10360505992924368,0.14231053895251303
LinkGroup015__LinkGroup011__Link106__Solid064,TS-B017_3,khadas_edge2,base_link,0.04849909370397593,manufacturer_total_CAD_distribution,CAD_solid_uniform_density,-0.06194115530542568,0.1025554850053129,0.14194486123682226
LinkGroup015__LinkGroup011__Link106__Solid065,TS-B017_4,khadas_edge2,base_link,0.006023671948971059,manufacturer_total_CAD_distribution,CAD_solid_uniform_density,-0.06297828483644204,0.10258529870861458,0.14228581344787591
LinkGroup015__LinkGroup011__Link106__Solid066,TS-B017_5,khadas_edge2,base_link,0.0013147579243689104,manufacturer_total_CAD_distribution,CAD_solid_uniform_density,-0.06251559999999932,0.10258529899990003,0.14229730676053443
LinkGroup015__LinkGroup011__Link106__Solid067,TS-B017_6,khadas_edge2,base_link,0.010529164423044381,manufacturer_total_CAD_distribution,CAD_solid_uniform_density,-0.06324484613335526,0.10259964785521425,0.14234989153744232
LinkGroup015__Solid068,USB_A_00,khadas_edge2,base_link,3.618648289538979,manufacturer_total_CAD_distribution,CAD_solid_uniform_density,-0.0540901347961602,0.11902458236821668,0.1408771665955792
LinkGroup015__Link107,USB_A_001,khadas_edge2,base_link,3.6186482895389833,manufacturer_total_CAD_distribution,CAD_solid_uniform_density,0.009909565203839787,0.11902458236821667,0.1408771665955792
LinkGroup015__LinkGroup012__Solid069,Solid069,khadas_edge2,base_link,0.7899352277016363,manufacturer_total_CAD_distribution,CAD_solid_uniform_density,-0.022049965879450493,0.12001906272525054,0.14100289104524324
LinkGroup015__LinkGroup012__Solid070,Solid070,khadas_edge2,base_link,0.13200887514987716,manufacturer_total_CAD_distribution,CAD_solid_uniform_density,-0.022050000000000108,0.11577311763347994,0.14064802542980706
LinkGroup015__LinkGroup012__Solid071,Solid071,khadas_edge2,base_link,0.04809815202435674,manufacturer_total_CAD_distribution,CAD_solid_uniform_density,-0.022050000000000333,0.11611149231856274,0.13942200076522682
LinkGroup015__Solid072,WI-FI,khadas_edge2,base_link,0.6662027332645187,manufacturer_total_CAD_distribution,CAD_solid_uniform_density,0.007600376477924591,0.08545497233997816,0.14112906888346252
LinkGroup015__Solid073,BM04B-SURS-TF,khadas_edge2,base_link,0.04456321276523883,manufacturer_total_CAD_distribution,CAD_solid_uniform_density,0.015645114618171536,0.1087622016953305,0.14102400948968868
LinkGroup015__Solid074,TYPE_C_24PSMT_020001,khadas_edge2,base_link,0.9997600676164816,manufacturer_total_CAD_distribution,CAD_solid_uniform_density,-0.037396003067351906,0.12201363160298888,0.14032134429956114
LinkGroup015__Link108,TYPE_C_24PSMT_020002,khadas_edge2,base_link,0.9997600676164796,manufacturer_total_CAD_distribution,CAD_solid_uniform_density,-0.006796003067351898,0.12201363160298888,0.14032134429956114
LinkGroup015__LinkGroup013__Compound004,_231,wire_artwork,base_link,0.0,nonphysical_wire_artwork,none,0,0,0
LinkGroup015__Compound005,E2-XIN,wire_artwork,base_link,0.0,nonphysical_wire_artwork,none,0,0,0
LinkGroup015__Solid075,FH34SRJ-40S-0_5SH,khadas_edge2,base_link,0.46116843099080423,manufacturer_total_CAD_distribution,CAD_solid_uniform_density,-0.012838106665129936,0.07166947387982986,0.14371978402305838
LinkGroup015__Solid076,FH34SRJ-30S-0_5SH,khadas_edge2,base_link,0.3559732693468194,manufacturer_total_CAD_distribution,CAD_solid_uniform_density,0.008111893296859754,0.07166689120099697,0.1437201454338611
LinkGroup015__Link109,FH34SRJ-30S-0_5SH001,khadas_edge2,base_link,0.35597326934681933,manufacturer_total_CAD_distribution,CAD_solid_uniform_density,-0.033888106703140256,0.07166689120099697,0.1437201454338611
LinkGroup015__Link110,FH34SRJ-30S-0_5SH002,khadas_edge2,base_link,0.35597326934681944,manufacturer_total_CAD_distribution,CAD_solid_uniform_density,-0.05233810670314024,0.07166689120099697,0.14372014543386108
LinkGroup015__Link111,FH34SRJ-30S-0_5SH003,khadas_edge2,base_link,0.35597326934682,manufacturer_total_CAD_distribution,CAD_solid_uniform_density,-0.03273999989685976,0.07162818060099696,0.1414798545661389
LinkGroup015__Link112,FH34SRJ-30S-0_5SH004,khadas_edge2,base_link,0.35597326934682,manufacturer_total_CAD_distribution,CAD_solid_uniform_density,-0.014239999896859758,0.07162818060099696,0.14147985456613893
LinkGroup015__Link113,FH34SRJ-30S-0_5SH005,khadas_edge2,base_link,0.35597326934681967,manufacturer_total_CAD_distribution,CAD_solid_uniform_density,0.004260000103140246,0.07162818060099697,0.14147985456613893
LinkGroup015__LinkGroup014__Solid077,ECT818000500_1_09_22,khadas_edge2,base_link,0.0023710237454426324,manufacturer_total_CAD_distribution,CAD_solid_uniform_density,0.01716776567755593,0.08677171943445941,0.141820335276646
LinkGroup015__Link114__Solid077,ECT818000500_1_09_22,khadas_edge2,base_link,0.0023710237454426324,manufacturer_total_CAD_distribution,CAD_solid_uniform_density,0.01716776567755593,0.08097973203445942,0.141820335276646
LinkGroup015__Solid078,BGA169_INAND_1,khadas_edge2,base_link,0.21866458657417132,manufacturer_total_CAD_distribution,CAD_solid_uniform_density,-0.049583379976320306,0.08801853041857331,0.14168261140173233
LinkGroup015__Solid079,BGA200_15R00X10R00X0R90,khadas_edge2,base_link,0.27334580348458964,manufacturer_total_CAD_distribution,CAD_solid_uniform_density,-0.03708993407801499,0.0891577081129355,0.14159368806634093
LinkGroup015__Link115,BGA200_15R00X10R00X0R001,khadas_edge2,base_link,0.27334580348458987,manufacturer_total_CAD_distribution,CAD_solid_uniform_density,-0.022592504487064496,0.10559014667801496,0.14159368806634093
xiao_esp32s3_v3_with_pins,xiao-esp32s3-v3-with-pins-static-to-drone,xiao_esp32s3,base_link,6.0,provisional_installed_board_estimate_3_to_12_g,bounding_box_estimate,-0.0605694580078125,0.10028599548339844,0.12366297912597657
ESC_prop_1,ESC_prop_1,ESC,base_link,21.0,manufacturer_mass_provisional_under_arm_position,unrepresented_hardware_box_estimate,0.07254,0.007960000000000009,0.12542000000000003
ESC_prop_2,ESC_prop_2,ESC,base_link,21.0,manufacturer_mass_provisional_under_arm_position,unrepresented_hardware_box_estimate,0.07254,0.19178,0.12542000000000003
ESC_prop_3,ESC_prop_3,ESC,base_link,21.0,manufacturer_mass_provisional_under_arm_position,unrepresented_hardware_box_estimate,-0.11128000000000002,0.19178,0.12542000000000003
ESC_prop_4,ESC_prop_4,ESC,base_link,21.0,manufacturer_mass_provisional_under_arm_position,unrepresented_hardware_box_estimate,-0.11128000000000002,0.007960000000000009,0.12542000000000003
Pixhawk_6C_plastic,Pixhawk_6C_plastic,flight_controller,base_link,34.6,manufacturer_mass_provisional_between_plates_position,unrepresented_hardware_box_estimate,-0.0195,0.1,0.13
GPS_M10_V1,GPS_M10_V1,GPS,base_link,32.0,manufacturer_mass_provisional_mount_position,unrepresented_hardware_box_estimate,0.07950000000000003,0.1,0.22625000000000003
SiK_onboard_radio,SiK_onboard_radio,telemetry,base_link,23.5,manufacturer_mass_provisional_position,unrepresented_hardware_box_estimate,-0.0695,0.1,0.125
extra_payload_wires_regulator,extra_payload_wires_regulator,payload_wiring,base_link,15.0,provisional_extra_payload_wiring_estimate_5_to_30_g,unrepresented_hardware_box_estimate,0.0005000000000000004,0.1,0.11
