instance,label,body,placement_x_mm,placement_y_mm,placement_z_mm,yaw_z_deg,pitch_y_deg,roll_x_deg,bbox_xmin,bbox_ymin,bbox_zmin,bbox_xmax,bbox_ymax,bbox_zmax,triangles
LinkGroup005__Solid,BOTTOM-PLATE-X500-V5,base_link,-19.5,100.0,115.0,0.0,0.0,90.0,-91.36000000000001,28.139999999999986,115.0,52.360000000000014,171.86,117.0,33236
LinkGroup005__Solid001,TOP-PLATE-X500-V5,base_link,-19.5,100.0,145.0,0.0,0.0,90.0,-91.36000000000001,28.139999999999986,145.0,52.360000000000014,171.86,147.0,21988
LinkGroup005__Solid002,JIA-LIANJIE,base_link,-19.5,160.71370659766,96.05677149969,180.0,-5.661931953996915e-15,-17.59242456218026,-36.400000000000006,139.25000000000068,92.95973484119604,-2.599999999999998,171.75000000000193,115.00000000000783,6082
LinkGroup005__Solid003,GUAN-CHENG,base_link,-19.5,156.78453640812,108.448769789778,90.0,-17.59242456218027,179.99999999999997,-27.499999980536188,149.1586913065254,-82.70884736055967,-11.500000019463814,224.25466593502844,110.86672067564926,2084
LinkGroup005__Solid004,JIAO-LIANJIE,base_link,-19.5,219.95350330150004,-90.77643348940006,-90.0,-72.40757543781979,-90.0,-39.5,203.17028153694173,-97.27499799167006,0.5000000000000036,226.4529436333824,-64.87739090680483,7838
LinkGroup005__Solid005,CARBON-FIBER-TUBE,base_link,-19.5,219.95350330150004,-90.77643348940006,0.0,-90.0,180.00000000000003,-143.50000000000003,214.95505739149596,-95.77643348940006,104.50000000000003,224.95194921150411,-85.77643348940006,1008
LinkGroup005__Solid006,JIAO-EVA,base_link,-40.5,219.95350330150004,-90.77643348940006,0.0,90.0,180.00000000000003,-133.50000000000003,210.45432092579023,-100.27643348940006,-40.5,229.452915024933,-81.27643348940006,25098
LinkGroup005__Link,JIAO-EVA001,base_link,94.50000000000003,219.95350330150004,-90.77643348940006,0.0,90.0,180.00000000000003,1.4999999999999893,210.45432092579026,-100.27643348940006,94.50000000000003,229.452915024933,-81.2764334894,25098
LinkGroup005__Solid007,MAO-JIAO,base_link,-145.50000000000003,219.95350330150004,-90.77643348940006,0.0,90.0,90.0,-146.50000000000003,213.65350330150005,-97.07643348940007,-133.50000000000003,226.25264212295258,-84.47729466794752,2270
LinkGroup005__Link001,MAO-JIAO001,base_link,106.50000000000003,219.95350330150004,-90.77643348940006,0.0,-90.0,90.0,94.50000000000003,213.65350330150005,-97.0755723108526,107.50000000000003,226.25264212295258,-84.47643348940005,2270
LinkGroup005__Solid008,GB70-M3-25-DING,base_link,-10.249999999999998,158.74912150289,102.25277064472999,0.0,-90.0,180.00000000000003,-32.25,156.04937625698042,99.55277064473,-7.549999999999999,161.44851695726516,104.95277064473,34550
LinkGroup005__Solid009,LM-M3-DING,base_link,-28.75,158.74912150289,102.25277064472999,-90.0,-12.407575437819192,180.0,-31.250164502696393,155.7042472303416,99.28089163224229,-28.749998410136975,161.79399577543842,105.22464965721771,5276
LinkGroup005__Solid010,GB70-M3-8-DING,base_link,-31.500000000000004,216.76831799990003,-70.80508915320002,-90.00000000000003,-72.40757543781979,1.0523140730602432e-14,-34.19928564323112,208.8141881142065,-74.51234786280764,-28.80049792113264,220.03005486941305,-67.54340568103217,16538
LinkGroup005__Link002,GB70-M3-8-DING001,base_link,-7.4999999999999964,216.76831799990003,-70.80508915320002,-90.00000000000003,-72.40757543781979,1.0523140730602432e-14,-10.199285643231116,208.8141881142065,-74.51234786280764,-4.800497921132635,220.03005486941305,-67.54340568103214,16538
LinkGroup005__Link003,LM-M3-DING001,base_link,-7.4999999999999964,210.57231885490003,-72.76967424800003,-170.10152153391613,-28.464575478387253,159.89108073378208,-10.200000000000035,209.81136206981978,-75.65088010226751,-4.79999999999994,213.71635223422857,-69.13285874189762,5276
LinkGroup005__Link004,LM-M3-DING002,base_link,-31.500000000000004,210.57231885490003,-72.76967424800003,-170.10152153391613,-28.464575478387253,159.89108073378208,-34.20000000000004,209.81136206981978,-75.65088010226751,-28.799999999999947,213.71635223422857,-69.13285874189762,5276
LinkGroup005__Link005,LM-M3-DING003,base_link,-19.5,224.35928880990002,-81.51149668150006,152.3678650639221,55.641444562301125,147.61932229342926,-22.617691453623983,223.59856854388516,-84.0575037900922,-16.382308546376,227.50308567016313,-78.20987992107297,5276
LinkGroup005__Solid011,GB70-M3-21-DING,base_link,-19.5,211.96729051980003,-85.44066687100005,90.00000000000003,72.40757543781979,-179.99999999999997,-22.199363728915618,208.705590117658,-88.7022182667483,-16.800318689899488,229.45372523661942,-78.7294910081718,29324
LinkGroup005__Link006,JIA-LIANJIE001,base_link,-19.5,39.286293402339986,96.05677149969,0.0,0.0,-17.592424562180263,-36.400000000000006,28.249999999998067,92.95973484119604,-2.599999999999998,60.74999999999932,115.00000000000783,6082
LinkGroup005__Link007,GUAN-CHENG001,base_link,-19.5,43.21546359187999,108.448769789778,90.0,17.59242456218028,180.0,-27.499999980536188,-24.25466593502847,-82.70884736055973,-11.500000019463812,50.84130869347459,110.86672067564926,2084
LinkGroup005__Link008,JIAO-LIANJIE001,base_link,-19.5,-19.953503301500035,-90.77643348940006,90.00000000000004,-72.40757543781977,-90.00000000000004,-39.5,-26.45294363338239,-97.27499799167006,0.5000000000000036,-3.1702815369417294,-64.87739090680483,7838
LinkGroup005__Link009,CARBON-FIBER-TUBE001,base_link,-19.5,-19.953503301500035,-90.77643348940006,0.0,-90.0,180.00000000000003,-143.50000000000006,-24.951949211504143,-95.77643348940012,104.50000000000006,-14.955057391495927,-85.7764334894,1008
LinkGroup005__Link010,JIAO-EVA002,base_link,1.5000000000000036,-19.953503301500035,-90.77643348940006,0.0,-90.0,180.00000000000003,1.5,-29.452685677209814,-100.27643348940006,94.50000000000004,-10.454091578067079,-81.27643348940003,25098
LinkGroup005__Link011,JIAO-EVA003,base_link,-133.50000000000003,-19.953503301500035,-90.77643348940006,0.0,-90.0,180.00000000000003,-133.50000000000003,-29.452685677209814,-100.27643348940006,-40.499999999999986,-10.454091578067079,-81.27643348940003,25098
LinkGroup005__Link012,MAO-JIAO002,base_link,106.50000000000003,-19.953503301500035,-90.77643348940006,0.0,-90.0,90.0,94.50000000000003,-26.253503301500032,-97.0755723108526,107.50000000000003,-13.654364480047477,-84.47643348940005,2270
LinkGroup005__Link013,MAO-JIAO003,base_link,-145.50000000000003,-19.953503301500035,-90.77643348940006,0.0,90.0,90.0,-146.50000000000003,-26.253503301500032,-97.07643348940007,-133.50000000000003,-13.654364480047477,-84.47729466794752,2270
LinkGroup005__Link014,LM-M3-DING004,base_link,-31.500000000000004,-10.572318854900033,-72.76967424800003,-170.1015215339172,28.46457547838465,20.10891926621566,-34.200000000000095,-13.71635223422851,-75.65088010226754,-28.79999999999987,-9.811362069819836,-69.13285874189765,5276
LinkGroup005__Link015,LM-M3-DING005,base_link,-7.4999999999999964,-12.955395449100024,-72.01406459610004,-9.898478466082839,28.464575478384656,-20.108919266215732,-10.200000000000106,-13.71635223418022,-75.65088010220242,-4.799999999999871,-9.811362069771548,-69.13285874183254,5276
LinkGroup005__Link016,LM-M3-DING006,base_link,-19.5,-26.742365404100028,-80.75588702970006,0.0,0.0,-17.592424562180263,-22.617691453624005,-27.5030856701147,-84.05750379012702,-16.382308546376002,-23.598568543837033,-78.2098799211079,5276
LinkGroup005__Link017,GB70-M3-8-DING002,base_link,-31.500000000000004,-16.768317999900034,-70.80508915320002,-90.00000000000003,72.40757543781979,-2.1046281461204852e-14,-34.19928564323112,-20.030054869413064,-74.45351127710813,-28.80049792113264,-8.814188114206516,-67.54340568103214,16538
LinkGroup005__Link018,GB70-M3-8-DING003,base_link,-7.4999999999999964,-16.768317999900034,-70.80508915320002,-90.00000000000003,72.40757543781979,-2.1046281461204852e-14,-10.199285643231116,-20.030054869413064,-74.45351127710813,-4.800497921132635,-8.814188114206516,-67.54340568103214,16538
LinkGroup005__Link019,GB70-M3-21-DING001,base_link,-19.5,-11.96729051980003,-85.44066687100005,90.0,-72.40757543781979,180.0,-22.199363728915618,-29.453725236619448,-88.7022182667483,-16.800318689899488,-8.70559011765799,-78.74763271540078,29324
LinkGroup005__Link020,GB70-M3-25-DING001,base_link,-28.75,41.25087849710999,102.25277064472999,0.0,90.0,180.00000000000003,-31.450000000000003,38.551133251200405,99.55277064473,-6.749999999999993,43.95027395148512,104.95277064473001,34550
LinkGroup005__Link021,LM-M3-DING007,base_link,-7.749999999999998,41.25087849710999,102.25277064472999,-90.00000000000003,-47.59242456217985,-179.99999999999997,-10.250164502696387,38.206004224561596,99.28089163224226,-7.749998410136969,44.29575276965838,105.22464965721773,5276
LinkGroup005__LinkGroup__Solid012,HMX5V-GUAN-DINGWEI,base_link,-66.98222035668002,147.48222035668002,131.0,-135.0,0.0,90.0,-186.97806032062223,142.0374981415436,123.30003315768558,-61.5374981415436,267.47824112403714,138.69999729950024,2628
LinkGroup005__LinkGroup__Solid013,HMX5V-ZUO-DJ-MUJU,base_link,-196.37639643609432,276.8763964360943,131.0,-45.000000000000014,-1.519640506876796e-14,1.3179772238438078e-14,-219.67484312479496,228.12156898879397,120.0,-147.6215689887716,300.17484312479496,142.0,25898
LinkGroup005__LinkGroup__Solid014,HMX5V-JIBI-JIA-MUJU,base_link,-74.05328816854549,154.5532881685455,131.0,45.00000000000001,3.730800480355605e-15,180.0,-91.97931669720685,138.41115254481454,115.0,-57.91115254481454,172.47930502493614,132.9,22498
LinkGroup005__LinkGroup__Link022,HMX5V-JIBI-JIA-MUJU001,base_link,-74.05328816854549,154.5532881685455,131.0,-135.0,-0.0,0.0,-91.97930502493614,138.41115254481454,129.1,-57.911152544814534,172.47931669720685,147.0,22498
LinkGroup005__LinkGroup__Solid015,HMX5V-DIGAI-DIANJIZUO-MUJU,base_link,-196.37639643609432,276.8763964360943,131.0,-45.000000000000014,-1.519640506876796e-14,1.3179772238438078e-14,-219.67524954426548,255.74175146275928,119.7,-175.2418400523797,300.17524954761836,128.4,21506
LinkGroup005__LinkGroup__Solid016,BAN-DJ-DIAN-F2,base_link,-196.37639643609432,276.8763964360943,135.0,-135.0,0.0,90.0,-219.67484312479496,246.60651125271653,135.0,-166.10651125271653,300.17484312479496,137.0,8200
LinkGroup005__LinkGroup__Solid017,GB70-M25-6,base_link,-216.17538630931764,276.8763964360943,137.0,45.00000000000001,-3.730800480355605e-15,5.339867002167791e-15,-218.41621216676754,274.63554584803245,131.000000683016,-213.93456045186778,279.11732599972527,139.24099999999999,13954
LinkGroup005__LinkGroup__Link023,GB70-M25-001,base_link,-196.37639643609432,296.6753863093177,137.0,45.00000000000001,-3.730800480355605e-15,5.339867002167791e-15,-198.6172222935442,294.43453572125577,131.000000683016,-194.13557057864443,298.91631587294864,139.24099999999999,13954
LinkGroup005__LinkGroup__Link024,GB70-M25-002,base_link,-216.17538630931764,276.8763964360943,123.5,-135.0,0.0,180.0,-218.41631587294864,274.63557057864443,121.259,-213.9345357212558,279.11722229354416,129.499999316984,13954
LinkGroup005__LinkGroup__Link025,GB70-M25-003,base_link,-196.37639643609432,296.6753863093177,123.5,-135.0,0.0,180.0,-198.6173259997253,294.4345604518678,121.259,-194.13554584803245,298.91621216676754,129.499999316984,13954
LinkGroup005__LinkGroup__Solid018,GB70-M3-38,base_link,-86.0741034487168,151.01775426261275,147.0,45.00000000000001,-3.730800480355605e-15,5.339867002167791e-15,-88.77389363841544,148.3178749561993,109.0,-83.37431325901817,153.7177464757369,149.7,56616
LinkGroup005__LinkGroup__Link026,GB70-M3-001,base_link,-70.51775426261275,166.5741034487168,147.0,45.00000000000001,-3.730800480355605e-15,5.339867002167791e-15,-73.21754445231139,163.87422414230332,109.0,-67.81796407291412,169.27409566184096,149.7,56616
LinkGroup005__LinkGroup__Link027,GB70-M3-002,base_link,-62.03247288837419,158.08882207447823,147.0,45.00000000000001,-3.730800480355605e-15,5.339867002167791e-15,-64.73226307807282,155.38894276806477,109.0,-59.33268269867555,160.78881428760238,149.7,56616
LinkGroup005__LinkGroup__Link028,GB70-M3-003,base_link,-77.58882207447823,142.53247288837417,147.0,45.00000000000001,-3.730800480355605e-15,5.339867002167791e-15,-80.28861226417686,139.8325935819607,109.0,-74.8890318847796,145.23246510149832,149.7,56616
LinkGroup005__LinkGroup__Solid019,GB70-M25-12,base_link,-186.47690149948266,250.0063387510055,137.0,45.00000000000001,-3.730800480355605e-15,5.339867002167791e-15,-188.71772735693253,247.76547663816592,125.0,-184.2360756420328,252.2473025315222,139.24099999999999,22734
LinkGroup005__LinkGroup__Link029,GB70-M25-004,base_link,-169.5063387510055,266.97690149948266,137.0,45.00000000000001,-3.730800480355605e-15,5.339867002167791e-15,-171.74716460845536,264.73603938664303,125.0,-167.26551289355564,269.21786527999933,139.24099999999999,22734
LinkGroup005__LinkGroup__Solid020,GB70-M25-10,base_link,-168.09212518863242,231.6215624401553,135.0,45.00000000000001,-3.730800480355605e-15,5.339867002167791e-15,-170.3329510460823,229.38070427121346,125.000001604213,-165.85129933118253,233.8625156327933,137.24099999999999,19700
LinkGroup005__LinkGroup__Link030,GB70-M25-005,base_link,-151.1215624401553,248.59212518863242,135.0,45.00000000000001,-3.730800480355605e-15,5.339867002167791e-15,-153.36238829760515,246.3512670196906,125.000001604213,-148.88073658270542,250.83307838127047,137.24099999999999,19700
LinkGroup005__LinkGroup__Solid021,ZSLM-M3-FALAN,base_link,-77.58882207447823,142.53247288837417,115.0,45.0,-6.3611093629270335e-15,-90.00000000000001,-81.38852678590594,138.73276817694648,110.2,-73.78911736305052,146.3321775998019,115.0,11426
LinkGroup005__LinkGroup__Link031,ZSLM-M3-FALAN001,base_link,-86.0741034487168,151.01775426261275,115.0,45.0,-6.3611093629270335e-15,-90.00000000000001,-89.8738081601445,147.21804955118506,110.2,-82.27439873728909,154.81745897404045,115.0,11426
LinkGroup005__LinkGroup__Link032,ZSLM-M3-FALAN002,base_link,-70.51775426261275,166.5741034487168,115.0,45.0,-6.3611093629270335e-15,-90.00000000000001,-74.31745897404046,162.7743987372891,110.2,-66.71804955118505,170.3738081601445,115.0,11426
LinkGroup005__LinkGroup__Link033,ZSLM-M3-FALAN003,base_link,-62.03247288837419,158.08882207447823,115.0,45.0,-6.3611093629270335e-15,-90.00000000000001,-65.8321775998019,154.28911736305054,110.2,-58.23276817694648,161.88852678590592,115.0,11426
LinkGroup005__LinkGroup__Solid022,DJ-2216-KV880,base_link,-196.37639643609432,276.8763964360943,143.7,-135.0,0.0,90.0,-211.20882328840713,263.02747268523285,127.1,-182.52686975064552,291.70882328840713,178.50000387230511,29812
LinkGroup005__LinkGroup__Solid023,GB70-M3-6,base_link,-205.87639643611382,276.8763964361141,135.0,-135.0,0.0,180.0,-208.57630400924015,274.1766062464155,132.3,-203.17657864061928,279.57618662581274,140.99999910822999,13692
LinkGroup005__LinkGroup__Link034,GB70-M3-004,base_link,-186.8763964361455,276.8763964361452,135.0,-135.0,0.0,180.0,-189.57630400927184,274.17660624644657,132.3,-184.17657864065094,279.5761866258439,140.99999910822999,13692
LinkGroup005__LinkGroup__Link035,GB70-M3-005,base_link,-196.37639643608867,268.8763964360892,135.0,-135.0,0.0,180.0,-199.076304009215,266.1766062463905,132.3,-193.67657864059407,271.57618662578784,140.99999910822999,13692
LinkGroup005__LinkGroup__Link036,GB70-M3-006,base_link,-196.37639643609995,284.8763964360994,135.0,-135.0,0.0,180.0,-199.0763040092263,282.1766062464008,132.3,-193.6765786406054,287.5761866257981,140.99999910822999,13692
LinkGroup005__Link037__Solid012,HMX5V-GUAN-DINGWEI,base_link,-66.98222035668002,52.51777964331999,131.0,-44.999999999999964,0.0,90.0,-186.97824112403708,-67.47806032062232,123.30003315768558,-61.537498141543594,57.962501858456406,138.69999729950027,2628
LinkGroup005__Link037__Solid013,HMX5V-ZUO-DJ-MUJU,base_link,-196.37639643609427,-76.87639643609441,131.0,45.00000000000002,-1.3179772238438081e-14,1.519640506876796e-14,-219.6748431247949,-100.17484312479505,120.0,-147.6215689887939,-28.121568988771664,142.0,25898
LinkGroup005__Link037__Solid014,HMX5V-JIBI-JIA-MUJU,base_link,-74.05328816854549,45.44671183145451,131.0,135.00000000000006,4.1692116184902104e-15,180.0,-91.97930502493612,27.52068330279315,115.0,-57.911152544814534,61.58884745518546,132.9,22498
LinkGroup005__Link037__Link022,HMX5V-JIBI-JIA-MUJU001,base_link,-74.05328816854549,45.44671183145451,131.0,-44.999999999999964,0.0,0.0,-91.97931669720685,27.520694975063872,129.1,-57.91115254481453,61.588847455185466,147.0,22498
LinkGroup005__Link037__Solid015,HMX5V-DIGAI-DIANJIZUO-MUJU,base_link,-196.37639643609427,-76.87639643609441,131.0,45.00000000000002,-1.3179772238438081e-14,1.519640506876796e-14,-219.67524954761828,-100.17524954426557,119.7,-175.24175146275923,-55.74184005237975,128.4,21506
LinkGroup005__Link037__Solid016,BAN-DJ-DIAN-F2,base_link,-196.37639643609427,-76.87639643609441,135.0,-44.999999999999964,0.0,90.0,-219.67484312479488,-100.17484312479505,135.0,-166.10651125271647,-46.60651125271658,137.0,8200
LinkGroup005__Link037__Solid017,GB70-M25-6,base_link,-196.37639643609427,-96.67538630931773,137.0,135.00000000000006,-4.1692116184902104e-15,6.557012584495103e-15,-198.6173259997252,-98.91621216676762,131.000000683016,-194.1355458480324,-94.43456045186787,139.241,13954
LinkGroup005__Link037__Link023,GB70-M25-001,base_link,-216.1753863093176,-76.87639643609441,137.0,135.00000000000006,-4.1692116184902104e-15,6.557012584495103e-15,-218.41631587294856,-79.11722229354427,131.000000683016,-213.93453572125574,-74.63557057864455,139.241,13954
LinkGroup005__Link037__Link024,GB70-M25-002,base_link,-196.37639643609427,-96.67538630931773,123.5,-44.999999999999964,-0.0,180.0,-198.6172222935441,-98.91631587294873,121.259,-194.13557057864438,-94.43453572125588,129.499999316984,13954
LinkGroup005__Link037__Link025,GB70-M25-003,base_link,-216.1753863093176,-76.87639643609441,123.5,-44.999999999999964,-0.0,180.0,-218.41621216676745,-79.11732599972538,121.259,-213.93456045186772,-74.63554584803256,129.499999316984,13954
LinkGroup005__Link037__Solid018,GB70-M3-38,base_link,-70.51775426261274,33.4258965512832,147.0,135.00000000000006,-4.1692116184902104e-15,6.557012584495103e-15,-73.21774647573689,30.72610636158457,109.0,-67.81787495619926,36.125686740981834,149.7,56616
LinkGroup005__Link037__Link026,GB70-M3-001,base_link,-86.0741034487168,48.982245737387245,147.0,135.00000000000006,-4.1692116184902104e-15,6.557012584495103e-15,-88.77409566184096,46.282455547688606,109.0,-83.37422414230332,51.68203592708588,149.7,56616
LinkGroup005__Link037__Link027,GB70-M3-002,base_link,-77.58882207447823,57.46752711162582,147.0,135.00000000000006,-4.1692116184902104e-15,6.557012584495103e-15,-80.28881428760238,54.76773692192718,109.0,-74.88894276806477,60.167317301324445,149.7,56616
LinkGroup005__Link037__Link028,GB70-M3-003,base_link,-62.03247288837418,41.91117792552178,147.0,135.00000000000006,-4.1692116184902104e-15,6.557012584495103e-15,-64.73246510149832,39.211387735823145,109.0,-59.3325935819607,44.61096811522041,149.7,56616
LinkGroup005__Link037__Solid019,GB70-M25-12,base_link,-169.50633875100544,-66.97690149948272,137.0,135.00000000000006,-4.1692116184902104e-15,6.557012584495103e-15,-171.74730253152214,-69.21772735693258,125.0,-167.26547663816586,-64.73607564203286,139.241,22734
LinkGroup005__Link037__Link029,GB70-M25-004,base_link,-186.4769014994826,-50.00633875100558,137.0,135.00000000000006,-4.1692116184902104e-15,6.557012584495103e-15,-188.71786527999927,-52.24716460845544,125.0,-184.23603938664303,-47.765512893555716,139.241,22734
LinkGroup005__Link037__Solid020,GB70-M25-10,base_link,-151.12156244015523,-48.59212518863247,135.0,135.00000000000006,-4.1692116184902104e-15,6.557012584495103e-15,-153.36251563279325,-50.832951046082336,125.000001604213,-148.8807042712134,-46.351299331182595,137.241,19700
LinkGroup005__Link037__Link030,GB70-M25-005,base_link,-168.0921251886324,-31.621562440155337,135.0,135.00000000000006,-4.1692116184902104e-15,6.557012584495103e-15,-170.3330783812704,-33.8623882976052,125.000001604213,-165.85126701969057,-29.38073658270546,137.241,19700
LinkGroup005__Link037__Solid021,ZSLM-M3-FALAN,base_link,-62.03247288837418,41.91117792552178,115.0,135.00000000000003,-9.54166404439055e-15,-90.0,-65.83217759980188,38.111473214094076,110.19999999999999,-58.23276817694648,45.710882636949485,115.0,11426
LinkGroup005__Link037__Link031,ZSLM-M3-FALAN001,base_link,-70.51775426261274,33.4258965512832,115.0,135.00000000000003,-9.54166404439055e-15,-90.0,-74.31745897404045,29.626191839855494,110.19999999999999,-66.71804955118505,37.22560126271091,115.0,11426
LinkGroup005__Link037__Link032,ZSLM-M3-FALAN002,base_link,-86.0741034487168,48.982245737387245,115.0,135.00000000000003,-9.54166404439055e-15,-90.0,-89.8738081601445,45.18254102595954,110.19999999999999,-82.27439873728909,52.781950448814946,115.0,11426
LinkGroup005__Link037__Link033,ZSLM-M3-FALAN003,base_link,-77.58882207447823,57.46752711162582,115.0,135.00000000000003,-9.54166404439055e-15,-90.0,-81.38852678590594,53.66782240019811,110.19999999999999,-73.78911736305054,61.26723182305352,115.0,11426
LinkGroup005__Link037__Solid022,DJ-2216-KV880,base_link,-196.37639643609427,-76.87639643609441,143.7,-44.999999999999964,0.0,90.0,-211.20882328840707,-91.70882328840722,127.1,-182.52747268523274,-63.02686975064557,178.50000387230511,29812
LinkGroup005__Link037__Solid023,GB70-M3-6,base_link,-196.37639643611405,-86.37639643611391,135.0,-44.999999999999964,-0.0,180.0,-199.07618662581268,-89.07630400924023,132.3,-193.67660624641542,-83.67657864061934,140.99999910823,13692
LinkGroup005__Link037__Link034,GB70-M3-004,base_link,-196.37639643614517,-67.3763964361456,135.0,-44.999999999999964,-0.0,180.0,-199.0761866258438,-70.07630400927192,132.3,-193.6766062464465,-64.67657864065103,140.99999910823,13692
LinkGroup005__Link037__Link035,GB70-M3-005,base_link,-188.37639643608912,-76.87639643608873,135.0,-44.999999999999964,-0.0,180.0,-191.07618662578778,-79.57630400921505,132.3,-185.6766062463905,-74.17657864059416,140.99999910823,13692
LinkGroup005__Link037__Link036,GB70-M3-006,base_link,-204.37639643609938,-76.87639643610007,135.0,-44.999999999999964,-0.0,180.0,-207.07618662579802,-79.57630400922639,132.3,-201.67660624640072,-74.1765786406055,140.99999910823,13692
LinkGroup005__Link038__Solid012,HMX5V-GUAN-DINGWEI,base_link,27.98222035668001,52.51777964331999,131.0,44.999999999999964,0.0,90.0,22.53749814154359,-67.4782411240372,123.30003315768558,147.9780603206222,57.962501858456406,138.69999729950027,2628
LinkGroup005__Link038__Solid013,HMX5V-ZUO-DJ-MUJU,base_link,157.37639643609427,-76.87639643609441,131.0,134.99999999999997,-1.5196405068767957e-14,1.3179772238438081e-14,108.62156898877154,-100.17484312479505,120.0,180.6748431247949,-28.121568988794017,142.0,25898
LinkGroup005__Link038__Solid014,HMX5V-JIBI-JIA-MUJU,base_link,35.05328816854548,45.44671183145451,131.0,-135.00000000000006,3.1608952033252623e-15,180.0,18.911152544814527,27.520694975063872,115.0,52.97931669720684,61.58884745518546,132.9,22498
LinkGroup005__Link038__Link022,HMX5V-JIBI-JIA-MUJU001,base_link,35.05328816854548,45.44671183145451,131.0,44.999999999999964,0.0,0.0,18.91115254481452,27.520683302793145,129.1,52.97930502493612,61.588847455185466,147.0,22498
LinkGroup005__Link038__Solid015,HMX5V-DIGAI-DIANJIZUO-MUJU,base_link,157.37639643609427,-76.87639643609441,131.0,134.99999999999997,-1.5196405068767957e-14,1.3179772238438081e-14,136.24184005237962,-100.17524954761845,119.7,180.67524954426543,-55.741751462759375,128.4,21506
LinkGroup005__Link038__Solid016,BAN-DJ-DIAN-F2,base_link,157.37639643609427,-76.87639643609441,135.0,44.999999999999964,0.0,90.0,127.10651125271644,-100.17484312479505,135.0,180.6748431247949,-46.60651125271658,137.0,8200
LinkGroup005__Link038__Solid017,GB70-M25-6,base_link,177.1753863093176,-76.87639643609441,137.0,-135.00000000000006,-3.1608952033252623e-15,7.631076069107917e-15,174.93456045186772,-79.11732599972538,131.000000683016,179.41621216676745,-74.63554584803256,139.241,13954
LinkGroup005__Link038__Link023,GB70-M25-001,base_link,157.37639643609427,-96.67538630931773,137.0,-135.00000000000006,-3.1608952033252623e-15,7.631076069107917e-15,155.13557057864438,-98.91631587294873,131.000000683016,159.6172222935441,-94.43453572125588,139.241,13954
LinkGroup005__Link038__Link024,GB70-M25-002,base_link,177.1753863093176,-76.87639643609441,123.5,44.999999999999964,0.0,180.0,174.93453572125574,-79.11722229354427,121.259,179.41631587294856,-74.63557057864455,129.499999316984,13954
LinkGroup005__Link038__Link025,GB70-M25-003,base_link,157.37639643609427,-96.67538630931773,123.5,44.999999999999964,0.0,180.0,155.1355458480324,-98.91621216676762,121.259,159.6173259997252,-94.43456045186787,129.499999316984,13954
LinkGroup005__Link038__Solid018,GB70-M3-38,base_link,47.0741034487168,48.982245737387245,147.0,-135.00000000000006,-3.1608952033252623e-15,7.631076069107917e-15,44.374313259018166,46.28225352426309,109.0,49.77389363841543,51.68212504380072,149.7,56616
LinkGroup005__Link038__Link026,GB70-M3-001,base_link,31.517754262612737,33.4258965512832,147.0,-135.00000000000006,-3.1608952033252623e-15,7.631076069107917e-15,28.817964072914105,30.725904338159054,109.0,34.21754445231137,36.12577585769668,149.7,56616
LinkGroup005__Link038__Link027,GB70-M3-002,base_link,23.032472888374173,41.91117792552178,147.0,-135.00000000000006,-3.1608952033252623e-15,7.631076069107917e-15,20.33268269867554,39.21118571239763,109.0,25.732263078072805,44.611057231935256,149.7,56616
LinkGroup005__Link038__Link028,GB70-M3-003,base_link,38.58882207447823,57.46752711162582,147.0,-135.00000000000006,-3.1608952033252623e-15,7.631076069107917e-15,35.8890318847796,54.767534898501665,109.0,41.28861226417686,60.16740641803929,149.7,56616
LinkGroup005__Link038__Solid019,GB70-M25-12,base_link,147.4769014994826,-50.00633875100558,137.0,-135.00000000000006,-3.1608952033252623e-15,7.631076069107917e-15,145.23607564203274,-52.24730253152227,125.0,149.71772735693247,-47.76547663816597,139.241,22734
LinkGroup005__Link038__Link029,GB70-M25-004,base_link,130.50633875100544,-66.97690149948272,137.0,-135.00000000000006,-3.1608952033252623e-15,7.631076069107917e-15,128.26551289355558,-69.21786527999942,125.0,132.74716460845534,-64.73603938664311,139.241,22734
LinkGroup005__Link038__Solid020,GB70-M25-10,base_link,129.09212518863237,-31.621562440155337,135.0,-135.00000000000006,-3.1608952033252623e-15,7.631076069107917e-15,126.8512993311825,-33.86251563279337,125.000001604213,131.33295104608223,-29.38070427121351,137.241,19700
LinkGroup005__Link038__Link030,GB70-M25-005,base_link,112.1215624401552,-48.59212518863247,135.0,-135.00000000000006,-3.1608952033252623e-15,7.631076069107917e-15,109.88073658270534,-50.833078381270504,125.000001604213,114.3623882976051,-46.351267019690646,137.241,19700
LinkGroup005__Link038__Solid021,ZSLM-M3-FALAN,base_link,38.58882207447823,57.46752711162582,115.0,-135.00000000000003,-9.54166404439055e-15,-90.00000000000001,34.78911736305052,53.66782240019811,110.19999999999999,42.38852678590593,61.26723182305352,115.0,11426
LinkGroup005__Link038__Link031,ZSLM-M3-FALAN001,base_link,47.0741034487168,48.982245737387245,115.0,-135.00000000000003,-9.54166404439055e-15,-90.00000000000001,43.27439873728909,45.18254102595954,110.19999999999999,50.8738081601445,52.781950448814946,115.0,11426
LinkGroup005__Link038__Link032,ZSLM-M3-FALAN002,base_link,31.517754262612737,33.4258965512832,115.0,-135.00000000000003,-9.54166404439055e-15,-90.00000000000001,27.718049551185032,29.626191839855494,110.19999999999999,35.31745897404044,37.22560126271091,115.0,11426
LinkGroup005__Link038__Link033,ZSLM-M3-FALAN003,base_link,23.032472888374173,41.91117792552178,115.0,-135.00000000000003,-9.54166404439055e-15,-90.00000000000001,19.232768176946465,38.111473214094076,110.19999999999999,26.832177599801877,45.710882636949485,115.0,11426
LinkGroup005__Link038__Solid022,DJ-2216-KV880,base_link,157.37639643609427,-76.87639643609441,143.7,44.999999999999964,0.0,90.0,143.52686975064543,-91.70882328840722,127.1,172.20882328840707,-63.0274726852329,178.50000387230511,29812
LinkGroup005__Link038__Solid023,GB70-M3-6,base_link,166.87639643611377,-76.87639643611419,135.0,44.999999999999964,0.0,180.0,164.17657864061923,-79.57618662581285,132.3,169.5763040092401,-74.17660624641556,140.99999910823,13692
LinkGroup005__Link038__Link034,GB70-M3-004,base_link,147.87639643614546,-76.87639643614531,135.0,44.999999999999964,0.0,180.0,145.1765786406509,-79.57618662584395,132.3,150.57630400927178,-74.17660624644665,140.99999910823,13692
LinkGroup005__Link038__Link035,GB70-M3-005,base_link,157.3763964360886,-68.87639643608927,135.0,44.999999999999964,0.0,180.0,154.67657864059402,-71.5761866257879,132.3,160.07630400921494,-66.1766062463906,140.99999910823,13692
LinkGroup005__Link038__Link036,GB70-M3-006,base_link,157.3763964360999,-84.8763964360995,135.0,44.999999999999964,0.0,180.0,154.67657864060536,-87.57618662579816,132.3,160.07630400922625,-82.1766062464009,140.99999910823,13692
LinkGroup005__Link039__Solid012,HMX5V-GUAN-DINGWEI,base_link,27.98222035668001,147.48222035668002,131.0,135.0,0.0,90.0,22.537498141543594,142.0374981415436,123.30003315768558,147.97824112403717,267.4780603206222,138.69999729950027,2628
LinkGroup005__Link039__Solid013,HMX5V-ZUO-DJ-MUJU,base_link,157.37639643609435,276.8763964360943,131.0,-135.00000000000003,-1.317977223843807e-14,1.5196405068767966e-14,108.62156898879397,228.12156898877157,120.0,180.674843124795,300.17484312479496,142.0,25898
LinkGroup005__Link039__Solid014,HMX5V-JIBI-JIA-MUJU,base_link,35.053288168545485,154.5532881685455,131.0,-45.000000000000014,4.739116895520547e-15,180.0,18.911152544814534,138.41115254481454,115.0,52.97930502493612,172.47931669720685,132.9,22498
LinkGroup005__Link039__Link022,HMX5V-JIBI-JIA-MUJU001,base_link,35.053288168545485,154.5532881685455,131.0,135.0,0.0,0.0,18.911152544814527,138.41115254481454,129.1,52.97931669720685,172.47930502493614,147.0,22498
LinkGroup005__Link039__Solid015,HMX5V-DIGAI-DIANJIZUO-MUJU,base_link,157.37639643609435,276.8763964360943,131.0,-135.00000000000003,-1.317977223843807e-14,1.5196405068767966e-14,136.2417514627593,255.74184005237967,119.7,180.6752495476184,300.1752495442655,128.4,21506
LinkGroup005__Link039__Solid016,BAN-DJ-DIAN-F2,base_link,157.37639643609435,276.8763964360943,135.0,135.0,0.0,90.0,127.10651125271653,246.6065112527165,135.0,180.67484312479496,300.17484312479496,137.0,8200
LinkGroup005__Link039__Solid017,GB70-M25-6,base_link,157.37639643609435,296.6753863093176,137.0,-45.000000000000014,-4.739116895520547e-15,8.848221651435231e-15,155.1355458480325,294.43456045186775,131.000000683016,159.61732599972532,298.91621216676754,139.241,13954
LinkGroup005__Link039__Link023,GB70-M25-001,base_link,177.17538630931767,276.8763964360943,137.0,-45.000000000000014,-4.739116895520547e-15,8.848221651435231e-15,174.93453572125583,274.63557057864443,131.000000683016,179.41631587294867,279.11722229354416,139.241,13954
LinkGroup005__Link039__Link024,GB70-M25-002,base_link,157.37639643609435,296.6753863093176,123.5,135.0,0.0,180.0,155.1355705786445,294.43453572125577,121.259,159.6172222935442,298.91631587294864,129.499999316984,13954
LinkGroup005__Link039__Link025,GB70-M25-003,base_link,177.17538630931767,276.8763964360943,123.5,135.0,0.0,180.0,174.9345604518678,274.63554584803245,121.259,179.41621216676754,279.11732599972527,129.499999316984,13954
LinkGroup005__Link039__Solid018,GB70-M3-38,base_link,31.51775426261275,166.5741034487168,147.0,-45.000000000000014,-4.739116895520547e-15,8.848221651435231e-15,28.817874956199276,163.87431325901818,109.0,34.2177464757369,169.27389363841544,149.7,56616
LinkGroup005__Link039__Link026,GB70-M3-001,base_link,47.0741034487168,151.01775426261275,147.0,-45.000000000000014,-4.739116895520547e-15,8.848221651435231e-15,44.37422414230332,148.31796407291412,109.0,49.774095661840946,153.7175444523114,149.7,56616
LinkGroup005__Link039__Link027,GB70-M3-002,base_link,38.58882207447822,142.53247288837417,147.0,-45.000000000000014,-4.739116895520547e-15,8.848221651435231e-15,35.888942768064744,139.83268269867554,109.0,41.28881428760237,145.2322630780728,149.7,56616
LinkGroup005__Link039__Link028,GB70-M3-003,base_link,23.03247288837418,158.08882207447823,147.0,-45.000000000000014,-4.739116895520547e-15,8.848221651435231e-15,20.3325935819607,155.3890318847796,109.0,25.732465101498327,160.78861226417686,149.7,56616
LinkGroup005__Link039__Solid019,GB70-M25-12,base_link,130.50633875100553,266.97690149948266,137.0,-45.000000000000014,-4.739116895520547e-15,8.848221651435231e-15,128.26547663816592,264.73607564203274,125.0,132.74730253152222,269.2177273569325,139.241,22734
LinkGroup005__Link039__Link029,GB70-M25-004,base_link,147.47690149948266,250.0063387510055,137.0,-45.000000000000014,-4.739116895520547e-15,8.848221651435231e-15,145.23603938664306,247.76551289355564,125.0,149.71786527999936,252.24716460845536,139.241,22734
LinkGroup005__Link039__Solid020,GB70-M25-10,base_link,112.12156244015529,248.5921251886324,135.0,-45.000000000000014,-4.739116895520547e-15,8.848221651435231e-15,109.88070427121346,246.35129933118253,125.000001604213,114.36251563279333,250.83295104608226,137.241,19700
LinkGroup005__Link039__Link030,GB70-M25-005,base_link,129.09212518863242,231.62156244015526,135.0,-45.000000000000014,-4.739116895520547e-15,8.848221651435231e-15,126.8512670196906,229.3807365827054,125.000001604213,131.33307838127047,233.86238829760515,137.241,19700
LinkGroup005__Link039__Solid021,ZSLM-M3-FALAN,base_link,23.03247288837418,158.08882207447823,115.0,-45.000000000000014,-9.54166404439055e-15,-90.0,19.232768176946475,154.28911736305054,110.19999999999999,26.832177599801884,161.88852678590592,115.0,11426
LinkGroup005__Link039__Link031,ZSLM-M3-FALAN001,base_link,31.51775426261275,166.5741034487168,115.0,-45.000000000000014,-9.54166404439055e-15,-90.0,27.718049551185047,162.7743987372891,110.19999999999999,35.317458974040456,170.3738081601445,115.0,11426
LinkGroup005__Link039__Link032,ZSLM-M3-FALAN002,base_link,47.0741034487168,151.01775426261275,115.0,-45.000000000000014,-9.54166404439055e-15,-90.0,43.27439873728909,147.21804955118506,110.19999999999999,50.8738081601445,154.81745897404045,115.0,11426
LinkGroup005__Link039__Link033,ZSLM-M3-FALAN003,base_link,38.58882207447822,142.53247288837417,115.0,-45.000000000000014,-9.54166404439055e-15,-90.0,34.78911736305052,138.73276817694648,110.19999999999999,42.388526785905924,146.3321775998019,115.0,11426
LinkGroup005__Link039__Solid022,DJ-2216-KV880,base_link,157.37639643609435,276.8763964360943,143.7,135.0,0.0,90.0,143.52747268523285,263.02686975064546,127.1,172.20882328840716,291.7088232884071,178.50000387230511,29812
LinkGroup005__Link039__Solid023,GB70-M3-6,base_link,157.37639643611413,286.37639643611385,135.0,135.0,0.0,180.0,154.6766062464155,283.67657864061925,132.3,160.07618662581277,289.0763040092402,140.99999910823,13692
LinkGroup005__Link039__Link034,GB70-M3-004,base_link,157.37639643614523,267.3763964361455,135.0,135.0,0.0,180.0,154.6766062464466,264.6765786406509,132.3,160.0761866258439,270.07630400927184,140.99999910823,13692
LinkGroup005__Link039__Link035,GB70-M3-005,base_link,149.3763964360892,276.8763964360886,135.0,135.0,0.0,180.0,146.67660624639055,274.1765786405941,132.3,152.07618662578784,279.57630400921494,140.99999910823,13692
LinkGroup005__Link039__Link036,GB70-M3-006,base_link,165.37639643609947,276.8763964360999,135.0,135.0,0.0,180.0,162.6766062464008,274.1765786406054,132.3,168.0761866257981,279.5763040092263,140.99999910823,13692
LinkGroup005__LinkGroup001__Solid024,JIA-GUAN,base_link,30.500000000000014,70.0,102.0,-89.99999999999999,1.349395069918483e-14,1.3493950699184832e-14,27.500000000000007,59.5,92.0,33.500000000000014,80.5,115.0,2276
LinkGroup005__LinkGroup001__Solid025,HUAN-GUIJIAO,base_link,30.500000000000014,70.0,102.0,90.00000000000001,-9.54166404439055e-15,90.0,24.80000000000001,60.3,92.30301493459208,36.20000000000002,79.7,111.69698506540792,18144
LinkGroup005__LinkGroup001__Link040,GB70-M25-006,base_link,30.50000000000001,63.0,117.0,-89.99999999999999,1.349395069918483e-14,1.3493950699184832e-14,28.259597627829447,60.759,111.000000683016,32.7405749879879,65.241,119.241,13954
LinkGroup005__LinkGroup001__Link041,GB70-M25-007,base_link,30.50000000000001,77.0,117.0,-89.99999999999999,1.349395069918483e-14,1.3493950699184832e-14,28.259597627829443,74.759,111.000000683016,32.74057498798789,79.241,119.241,13954
LinkGroup005__Link042__Solid024,JIA-GUAN,base_link,30.500000000000014,130.0,102.0,-89.99999999999999,1.349395069918483e-14,1.3493950699184832e-14,27.500000000000007,119.5,92.0,33.500000000000014,140.5,115.0,2276
LinkGroup005__Link042__Solid025,HUAN-GUIJIAO,base_link,30.500000000000014,130.0,102.0,90.00000000000001,-9.54166404439055e-15,90.0,24.80000000000001,120.3,92.30301493459208,36.20000000000002,139.7,111.69698506540792,18144
LinkGroup005__Link042__Link040,GB70-M25-006,base_link,30.50000000000001,123.0,117.0,-89.99999999999999,1.349395069918483e-14,1.3493950699184832e-14,28.259597627829447,120.759,111.000000683016,32.7405749879879,125.241,119.241,13954
LinkGroup005__Link042__Link041,GB70-M25-007,base_link,30.50000000000001,137.0,117.0,-89.99999999999999,1.349395069918483e-14,1.3493950699184832e-14,28.259597627829443,134.759,111.000000683016,32.74057498798789,139.24099999999999,119.241,13954
LinkGroup005__Link043__Solid024,JIA-GUAN,base_link,-69.50000000000001,70.0,102.0,-89.99999999999999,1.349395069918483e-14,1.3493950699184832e-14,-72.50000000000001,59.5,92.0,-66.50000000000001,80.5,115.0,2276
LinkGroup005__Link043__Solid025,HUAN-GUIJIAO,base_link,-69.50000000000001,70.0,102.0,90.00000000000001,-9.54166404439055e-15,90.0,-75.20000000000002,60.3,92.30301493459208,-63.80000000000001,79.7,111.69698506540792,18144
LinkGroup005__Link043__Link040,GB70-M25-006,base_link,-69.50000000000001,63.0,117.0,-89.99999999999999,1.349395069918483e-14,1.3493950699184832e-14,-71.74040237217058,60.759,111.000000683016,-67.25942501201213,65.241,119.241,13954
LinkGroup005__Link043__Link041,GB70-M25-007,base_link,-69.50000000000001,77.0,117.0,-89.99999999999999,1.349395069918483e-14,1.3493950699184832e-14,-71.74040237217058,74.759,111.000000683016,-67.25942501201213,79.241,119.241,13954
LinkGroup005__Link044__Solid024,JIA-GUAN,base_link,-69.50000000000001,130.0,102.0,-89.99999999999999,1.349395069918483e-14,1.3493950699184832e-14,-72.50000000000001,119.5,92.0,-66.50000000000001,140.5,115.0,2276
LinkGroup005__Link044__Solid025,HUAN-GUIJIAO,base_link,-69.50000000000001,130.0,102.0,90.00000000000001,-9.54166404439055e-15,90.0,-75.20000000000002,120.3,92.30301493459208,-63.80000000000001,139.7,111.69698506540792,18144
LinkGroup005__Link044__Link040,GB70-M25-006,base_link,-69.50000000000001,123.0,117.0,-89.99999999999999,1.349395069918483e-14,1.3493950699184832e-14,-71.74040237217058,120.759,111.000000683016,-67.25942501201213,125.241,119.241,13954
LinkGroup005__Link044__Link041,GB70-M25-007,base_link,-69.50000000000001,137.0,117.0,-89.99999999999999,1.349395069918483e-14,1.3493950699184832e-14,-71.74040237217058,134.759,111.000000683016,-67.25942501201213,139.24099999999999,119.241,13954
LinkGroup005__Solid026,CARBON-FIBER-TUBE300,base_link,-14.5,70.0,102.0,0.0,90.0,180.00000000000003,-139.50000000000003,65.30146084459616,97.3,110.50000000000003,74.69853915540384,106.7,1008
LinkGroup005__Link045,CARBON-FIBER-TUBE301,base_link,-14.5,130.0,102.0,0.0,90.0,180.00000000000003,-139.50000000000006,125.30146084459614,97.29999999999994,110.50000000000006,134.69853915540386,106.70000000000006,1008
LinkGroup005__LinkGroup002__Link046,JIA-GUAN001,base_link,97.50000000000003,70.5,102.0,-90.00000000000001,4.497983566394945e-15,-180.0,94.50000000000003,60.0,89.0,100.50000000000003,81.0,112.0,2276
LinkGroup005__LinkGroup002__Link047,HUAN-GUIJIAO001,base_link,97.50000000000003,70.5,102.0,90.0,-1.2722218725854067e-14,-90.0,91.80000000000003,60.8,92.30301493459208,103.20000000000003,80.2,111.69698506540792,18144
LinkGroup005__LinkGroup002__Solid027,M25-6-CHEN-LIU,base_link,97.50000000000003,63.5,88.3,-90.00000000000001,4.497983566394945e-15,-180.0,95.0929997903572,61.093,87.0,99.9066709751169,65.907,92.90000000000006,13516
LinkGroup005__LinkGroup002__Link048,M25-6-CHEN-LIU001,base_link,97.50000000000003,77.5,88.3,-90.00000000000001,4.497983566394945e-15,-180.0,95.0929997903572,75.093,87.0,99.90667097511691,79.907,92.90000000000006,13516
LinkGroup005__Link049__Link046,JIA-GUAN001,base_link,97.50000000000003,129.5,102.0,-90.00000000000001,4.497983566394945e-15,-180.0,94.50000000000003,119.0,89.0,100.50000000000003,140.0,112.0,2276
LinkGroup005__Link049__Link047,HUAN-GUIJIAO001,base_link,97.50000000000003,129.5,102.0,90.0,-1.2722218725854067e-14,-90.0,91.80000000000003,119.8,92.30301493459208,103.20000000000003,139.2,111.69698506540792,18144
LinkGroup005__Link049__Solid027,M25-6-CHEN-LIU,base_link,97.50000000000003,122.5,88.3,-90.00000000000001,4.497983566394945e-15,-180.0,95.0929997903572,120.093,87.0,99.9066709751169,124.907,92.90000000000006,13516
LinkGroup005__Link049__Link048,M25-6-CHEN-LIU001,base_link,97.50000000000003,136.5,88.3,-90.00000000000001,4.497983566394945e-15,-180.0,95.0929997903572,134.093,87.0,99.90667097511691,138.907,92.90000000000006,13516
LinkGroup005__Link050__Link046,JIA-GUAN001,base_link,61.500000000000014,70.5,102.0,-90.00000000000001,4.497983566394945e-15,-180.0,58.500000000000014,60.0,89.0,64.50000000000001,81.0,112.0,2276
LinkGroup005__Link050__Link047,HUAN-GUIJIAO001,base_link,61.500000000000014,70.5,102.0,90.0,-1.2722218725854067e-14,-90.0,55.80000000000001,60.8,92.30301493459208,67.20000000000002,80.2,111.69698506540792,18144
LinkGroup005__Link050__Solid027,M25-6-CHEN-LIU,base_link,61.500000000000014,63.5,88.3,-90.00000000000001,4.497983566394945e-15,-180.0,59.09299979035718,61.093,87.0,63.90667097511689,65.907,92.90000000000006,13516
LinkGroup005__Link050__Link048,M25-6-CHEN-LIU001,base_link,61.500000000000014,77.5,88.3,-90.00000000000001,4.497983566394945e-15,-180.0,59.09299979035719,75.093,87.0,63.90667097511689,79.907,92.90000000000006,13516
LinkGroup005__Link051__Link046,JIA-GUAN001,base_link,61.500000000000014,129.5,102.0,-90.00000000000001,4.497983566394945e-15,-180.0,58.500000000000014,119.0,89.0,64.50000000000001,140.0,112.0,2276
LinkGroup005__Link051__Link047,HUAN-GUIJIAO001,base_link,61.500000000000014,129.5,102.0,90.0,-1.2722218725854067e-14,-90.0,55.80000000000001,119.8,92.30301493459208,67.20000000000002,139.2,111.69698506540792,18144
LinkGroup005__Link051__Solid027,M25-6-CHEN-LIU,base_link,61.500000000000014,122.5,88.3,-90.00000000000001,4.497983566394945e-15,-180.0,59.09299979035718,120.093,87.0,63.90667097511689,124.907,92.90000000000006,13516
LinkGroup005__Link051__Link048,M25-6-CHEN-LIU001,base_link,61.500000000000014,136.5,88.3,-90.00000000000001,4.497983566394945e-15,-180.0,59.09299979035719,134.093,87.0,63.90667097511689,138.907,92.90000000000006,13516
LinkGroup005__Solid028,PYLONS-X500,base_link,15.510000000000005,100.0,75.48546828471999,89.99999999999999,-1.349395069918483e-14,1.3493950699184832e-14,10.760000000000005,65.28425218823172,70.48546828471999,20.260000000000005,134.71574781176827,109.33399649017964,4828
LinkGroup005__Link052,PYLONS-X501,base_link,-54.49000000000001,100.0,75.48546828471999,89.99999999999999,-1.349395069918483e-14,1.3493950699184832e-14,-59.24000000000001,65.2842521882317,70.48546828471999,-49.74000000000001,134.71574781176827,109.33399649017964,4828
LinkGroup005__Link053,GB70-M3-8-DING004,base_link,-5.9999999999999964,31.999999999999986,117.0,180.0,-4.961562726608714e-15,1.2722218725854067e-14,-8.700000000000015,29.30049792113263,109.00000077820499,-3.300000000000008,34.69928564323111,119.70000000000003,16538
LinkGroup005__Link054,GB70-M3-8-DING005,base_link,-33.0,31.999999999999986,117.0,180.0,-4.961562726608714e-15,1.2722218725854067e-14,-35.70000000000002,29.30049792113263,109.00000077820499,-30.30000000000001,34.69928564323111,119.70000000000003,16538
LinkGroup005__Link055,GB70-M3-8-DING006,base_link,-33.0,56.99999999999999,117.0,180.0,-4.961562726608714e-15,1.2722218725854067e-14,-35.70000000000002,54.30049792113263,109.00000077820499,-30.30000000000001,59.699285643231114,119.70000000000003,16538
LinkGroup005__Link056,GB70-M3-8-DING007,base_link,-5.9999999999999964,56.99999999999999,117.0,180.0,-4.961562726608714e-15,1.2722218725854067e-14,-8.700000000000015,54.30049792113263,109.00000077820499,-3.300000000000008,59.699285643231114,119.70000000000003,16538
LinkGroup005__Link057,GB70-M3-8-DING008,base_link,-33.0,168.0,117.0,180.0,-4.961562726608714e-15,1.2722218725854067e-14,-35.70000000000002,165.30049792113266,109.00000077820499,-30.30000000000001,170.69928564323112,119.70000000000003,16538
LinkGroup005__Link058,GB70-M3-8-DING009,base_link,-5.9999999999999964,168.0,117.0,180.0,-4.961562726608714e-15,1.2722218725854067e-14,-8.700000000000015,165.30049792113266,109.00000077820499,-3.300000000000008,170.69928564323112,119.70000000000003,16538
LinkGroup005__Link059,GB70-M3-8-DING010,base_link,-5.9999999999999964,143.0,117.0,180.0,-4.961562726608714e-15,1.2722218725854067e-14,-8.700000000000015,140.30049792113266,109.00000077820499,-3.300000000000008,145.69928564323112,119.70000000000003,16538
LinkGroup005__Link060,GB70-M3-8-DING011,base_link,-33.0,143.0,117.0,180.0,-4.961562726608714e-15,1.2722218725854067e-14,-35.70000000000002,140.30049792113266,109.00000077820499,-30.30000000000001,145.69928564323112,119.70000000000003,16538
LinkGroup005__Link061,DJ-2216-KV881,base_link,157.37639643610004,276.87639643610004,143.70000000000002,135.0,0.0,90.0,143.52747268523854,263.02686975065126,127.1,172.20882328841287,291.7088232884129,178.50000387230511,29812
LinkGroup005__Link062,DJ-2216-KV882,base_link,-196.37639643610004,276.87639643610004,143.70000000000002,-135.0,0.0,90.0,-211.20882328841284,263.02747268523854,127.10000000000001,-182.52686975065123,291.7088232884129,178.50000387230511,29812
LinkGroup005__Link063,DJ-2216-KV883,base_link,157.37639643610004,-76.87639643610004,143.70000000000002,44.999999999999964,0.0,90.0,143.52686975065123,-91.70882328841287,127.1,172.20882328841284,-63.027472685238536,178.50000387230511,29812
LinkGroup005__Link064,DJ-2216-KV884,base_link,-196.37639643610004,-76.87639643610004,143.70000000000002,-44.999999999999964,0.0,90.0,-211.20882328841284,-91.70882328841284,127.1,-182.52747268523854,-63.02686975065123,178.50000387230511,29812
LinkGroup005__Link065,M25-6-CHEN-LIU002,base_link,15.510000000000005,112.5,69.78546828472,0.0,0.0,180.0,13.103000000000002,110.09299979035717,68.48546828471999,17.91700000000001,114.90667097511688,74.38546828472006,13516
LinkGroup005__Link066,M25-6-CHEN-LIU003,base_link,15.510000000000005,87.5,69.78546828472,0.0,0.0,180.0,13.103000000000002,85.09299979035717,68.48546828471999,17.91700000000001,89.90667097511687,74.38546828472006,13516
LinkGroup005__Link067,M25-6-CHEN-LIU004,base_link,-54.49000000000001,112.5,69.78546828472,0.0,0.0,180.0,-56.89700000000001,110.09299979035717,68.48546828471999,-52.083000000000006,114.90667097511688,74.38546828472006,13516
LinkGroup005__Link068,M25-6-CHEN-LIU005,base_link,-54.49000000000001,87.5,69.78546828472,0.0,0.0,180.0,-56.89700000000001,85.09299979035717,68.48546828471999,-52.083000000000006,89.90667097511687,74.38546828472006,13516
LinkGroup005__Solid031,PLATFORM-PLAT-X500,base_link,79.50000000000003,100.0,87.0,0.0,0.0,90.0,47.000000000000014,53.49999999999999,87.0,112.00000000000003,146.5,89.0,23464
LinkGroup005__LinkGroup003__Solid032,GPS-ZHIJIA-ZUO,base_link,79.50000000000003,100.0,89.0,44.999999999999964,0.0,0.0,64.62060607606603,85.120606076066,89.0,94.37939392393403,114.879393923934,107.7,18092
LinkGroup005__LinkGroup003__Solid033,GPS-ZHIJIA-ZHUANJIETOU,base_link,79.50000000000003,100.0,101.0,-4.452776554048922e-14,0.0,0.0,75.50000000000003,96.0,101.0,83.50000000000003,104.0,117.5,2530
LinkGroup005__LinkGroup003__Solid034,GAN-GPSV5-ZHIJIA,base_link,79.50000000000003,100.0,166.5,44.999999999999964,0.0,180.0,77.52503506100739,98.02503506100736,112.5,81.47467193917308,101.97467193917305,220.50000000000003,512
LinkGroup005__LinkGroup003__Solid035,GPSV5-ZHIJIA-LUOMAO,base_link,79.50000000000003,100.0,92.5,-135.00000000000006,-3.1608952033252623e-15,7.631076069107917e-15,72.00000190529157,92.50000190484391,92.4999907912864,86.99999809510587,107.49976262595953,119.5,66872
LinkGroup005__LinkGroup003__Solid036,GPSV5-ZHIJIA-TUOPAN,base_link,79.50000000000003,100.0,221.00000000000003,-135.00000000000006,3.1608952033252623e-15,180.0,65.0011267590259,85.50112675902587,212.50000000000003,93.99887324097416,114.49887324097413,222.00000000000003,2638
LinkGroup005__Solid037,ZHIJIA-CAMERA-INTEL,base_link,-116.50000000000003,100.0,95.8,-89.99999999999999,1.349395069918483e-14,1.3493950699184832e-14,-129.50000000000102,38.00052440922938,67.79999999999998,-110.50000000000001,161.9994755907706,109.5,16930
LinkGroup005__Solid038,GAI-GUANGLIU,base_link,-125.00000000000003,100.0,65.79999999999998,0.0,0.0,90.0,-136.00000000000003,64.00341899799102,65.79999999999998,-114.00000000000001,135.99658100200898,67.79999999999998,4056
LinkGroup005__Solid039,M3-16-CHEN-LIU,base_link,-125.00000000000003,86.0,67.39999999999999,0.0,0.0,180.0,-127.90000000000003,83.10000038105244,65.79999999999998,-122.10000000000002,88.89960358447816,81.6000000000025,34464
LinkGroup005__Link069,M3-16-CHEN-LIU001,base_link,-125.00000000000003,114.0,67.39999999999999,0.0,0.0,180.0,-127.90000000000003,111.10000038105244,65.79999999999998,-122.10000000000002,116.89960358447817,81.6000000000025,34464
LinkGroup005__Solid040,X500-TAO-XT60,base_link,19.750000000000007,52.99999999999999,99.39999999999999,180.0,-4.961562726608714e-15,1.2722218725854067e-14,0.25000000000000355,46.09999999999999,99.39999999999999,19.750000000000007,59.89999999999999,120.4,2618
LinkGroup005__Solid041,LM-M3-NILONG,base_link,-125.00000000000003,114.0,76.79999999999998,-149.9999999999989,-9.54166404439055e-15,-90.00000000000001,-127.70000000000009,110.88230854637601,74.2998354973036,-122.3,117.11769145362399,76.80000158986302,4784
LinkGroup005__Link070,LM-M3-NILONG001,base_link,-125.00000000000003,86.0,76.79999999999998,-149.9999999999989,-9.54166404439055e-15,-90.00000000000001,-127.70000000000009,82.88230854637601,74.2998354973036,-122.3,89.11769145362398,76.80000158986302,4784
LinkGroup005__Solid042,TOU-XT60H-M-14AWG,base_link,10.000000000000007,52.99999999999999,104.4,0.0,-0.0,-90.0,1.8000000000000043,48.499999999999986,90.6,18.20000000000001,57.49999999999999,124.9,18454
LinkGroup005__LinkGroup004__Solid043,PCB-PM06,base_link,-19.5,100.0,122.0,0.0,0.0,90.0,-37.0,82.5,122.0,18.000000000000007,117.5,127.199543291443,12700
LinkGroup005__LinkGroup004__Solid044,BM06B-WO,base_link,-32.75,94.5,125.325,-90.00000000000001,4.497983566394945e-15,-180.0,-37.0,89.125,123.2,-32.050000000000004,99.875,127.45,420
LinkGroup005__Solid045,NILONGZHU-M3-5,base_link,-4.2499999999999964,115.25,117.0,0.0,0.0,90.0,-7.367691453623996,112.55000000000001,117.0,-1.1323085463759952,117.95,122.00000000000063,7270
LinkGroup005__Link071,NILONGZHU-M3-001,base_link,-34.75,115.25,117.0,0.0,0.0,90.0,-37.867691453624005,112.55000000000001,117.0,-31.632308546376002,117.95,122.00000000000063,7270
LinkGroup005__Link072,NILONGZHU-M3-002,base_link,-34.75,84.75,117.0,0.0,0.0,90.0,-37.867691453624005,82.05,117.0,-31.632308546376002,87.44999999999999,122.00000000000063,7270
LinkGroup005__Link073,NILONGZHU-M3-003,base_link,-4.2499999999999964,84.75,117.0,0.0,0.0,90.0,-7.367691453623996,82.05,117.0,-1.1323085463759952,87.44999999999999,122.00000000000063,7270
LinkGroup005__Solid046,M3-14-PAN,base_link,-4.2499999999999964,115.25,115.0,0.0,0.0,180.0,-7.049999999999997,112.4508702903882,113.2,-1.4499999999999957,118.04912970961182,129.0,23742
LinkGroup005__Link074,M3-14-PAN001,base_link,-34.75,115.25,115.0,0.0,0.0,180.0,-37.550000000000004,112.4508702903882,113.2,-31.950000000000003,118.04912970961182,129.0,23742
LinkGroup005__Link075,M3-14-PAN002,base_link,-34.75,84.75,115.0,0.0,0.0,180.0,-37.550000000000004,81.95087029038818,113.2,-31.950000000000003,87.5491297096118,129.0,23742
LinkGroup005__Link076,M3-14-PAN003,base_link,-4.2499999999999964,84.75,115.0,0.0,0.0,180.0,-7.049999999999997,81.95087029038818,113.2,-1.4499999999999957,87.5491297096118,129.0,23742
LinkGroup005__Solid047,ZSLM-M3-DING,base_link,-4.2499999999999964,84.75,123.2,0.0,0.0,90.0,-7.367691453623996,82.05,123.19999999999997,-1.1323085463759952,87.45,127.0,9498
LinkGroup005__Link077,ZSLM-M3-DING001,base_link,-4.2499999999999964,115.25,123.2,0.0,0.0,90.0,-7.367691453623996,112.55000000000001,123.19999999999997,-1.1323085463759952,117.95,127.0,9498
LinkGroup005__Link078,ZSLM-M3-DING002,base_link,-34.75,115.25,123.2,0.0,0.0,90.0,-37.867691453624005,112.55000000000001,123.19999999999997,-31.632308546376002,117.95,127.0,9498
LinkGroup005__Link079,ZSLM-M3-DING003,base_link,-34.75,84.75,123.2,0.0,0.0,90.0,-37.867691453624005,82.05,123.19999999999997,-31.632308546376002,87.45,127.0,9498
LinkGroup005__Solid048,M3-10-PAN-DING,base_link,90.81370849900003,88.68629150102,87.0,0.0,0.0,180.0,88.01370849900003,85.88716179141771,85.39999999999999,93.61370849900003,91.48542121062228,95.499999308309,16056
LinkGroup005__Link080,M3-10-PAN-DING001,base_link,68.18629150102001,88.68629150102,87.0,0.0,0.0,180.0,65.38629150102001,85.88716179141771,85.39999999999999,70.98629150102,91.48542121062228,95.499999308309,16056
LinkGroup005__Link081,M3-10-PAN-DING002,base_link,68.18629150102001,111.31370849898,87.0,0.0,0.0,180.0,65.38629150102001,108.51457878937771,85.39999999999999,70.98629150102,114.11283820858229,95.499999308309,16056
LinkGroup005__Link082,M3-10-PAN-DING003,base_link,90.81370849900003,111.31370849898,87.0,0.0,0.0,180.0,88.01370849900003,108.51457878937771,85.39999999999999,93.61370849900003,114.11283820858229,95.499999308309,16056
LinkGroup005__Link083,ZSLM-M3-DING004,base_link,90.81370849900003,88.68629150102,91.0,0.0,0.0,90.0,87.69601704537602,85.98629150101999,90.99999999999997,93.93139995262403,91.38629150102,94.8,9498
LinkGroup005__Link084,ZSLM-M3-DING005,base_link,90.81370849900003,111.31370849898,91.0,0.0,0.0,90.0,87.69601704537602,108.61370849898,90.99999999999997,93.93139995262403,114.01370849898001,94.8,9498
LinkGroup005__Link085,ZSLM-M3-DING006,base_link,68.18629150102001,111.31370849898,91.0,0.0,0.0,90.0,65.068600047396,108.61370849898,90.99999999999997,71.30398295464401,114.01370849898001,94.8,9498
LinkGroup005__Link086,ZSLM-M3-DING007,base_link,68.18629150102001,88.68629150102,91.0,0.0,0.0,90.0,65.068600047396,85.98629150101999,90.99999999999997,71.30398295464401,91.38629150102,94.8,9498
LinkGroup005__Link087,GB70-M25-008,base_link,108.50000000000003,56.99999999999999,89.0,180.0,-4.961562726608714e-15,1.2722218725854067e-14,106.25900000000003,54.75931544100208,77.0,110.74100000000001,59.240448468326626,91.241,22734
LinkGroup005__Link088,GB70-M25-009,base_link,108.50000000000003,143.0,89.0,180.0,-4.961562726608714e-15,1.2722218725854067e-14,106.25900000000003,140.7593154410021,77.0,110.74100000000001,145.24044846832663,91.241,22734
LinkGroup005__Link089,GB70-M25-010,base_link,50.500000000000014,143.0,89.0,180.0,-4.961562726608714e-15,1.2722218725854067e-14,48.259000000000015,140.7593154410021,77.0,52.741000000000014,145.24044846832663,91.241,22734
LinkGroup005__Link090,GB70-M25-011,base_link,50.500000000000014,56.99999999999999,89.0,180.0,-4.961562726608714e-15,1.2722218725854067e-14,48.259000000000015,54.75931544100208,77.0,52.741000000000014,59.240448468326626,91.241,22734
LinkGroup005__Solid049,NILONGZHU-M25-5,base_link,108.50000000000003,56.99999999999999,82.0,0.0,0.0,90.0,105.90296301913102,54.750899999999994,82.0,111.09703698086904,59.24909999999999,87.0,6948
LinkGroup005__Link091,NILONGZHU-M25-001,base_link,108.50000000000003,143.0,82.0,0.0,0.0,90.0,105.90296301913102,140.7509,82.0,111.09703698086904,145.2491,87.0,6948
LinkGroup005__Link092,NILONGZHU-M25-002,base_link,50.500000000000014,143.0,82.0,0.0,0.0,90.0,47.90296301913101,140.7509,82.0,53.09703698086902,145.2491,87.0,6948
LinkGroup005__Link093,NILONGZHU-M25-003,base_link,50.500000000000014,56.99999999999999,82.0,0.0,0.0,90.0,47.90296301913101,54.750899999999994,82.0,53.09703698086902,59.24909999999999,87.0,6948
LinkGroup005__Solid050,ZSLM-M25,base_link,108.50000000000003,56.99999999999999,80.39999999999999,180.0,-7.0167092985348775e-15,-90.0,105.90296301913102,54.750899999999994,77.2346,111.09703698086904,59.24909999999999,80.40000000000008,9040
LinkGroup005__Link094,ZSLM-M001,base_link,108.50000000000003,143.0,80.39999999999999,180.0,-7.0167092985348775e-15,-90.0,105.90296301913102,140.7509,77.2346,111.09703698086904,145.2491,80.40000000000008,9040
LinkGroup005__Link095,ZSLM-M002,base_link,50.500000000000014,143.0,80.39999999999999,180.0,-7.0167092985348775e-15,-90.0,47.90296301913101,140.7509,77.2346,53.09703698086902,145.2491,80.40000000000008,9040
LinkGroup005__Link096,ZSLM-M003,base_link,50.500000000000014,56.99999999999999,80.39999999999999,180.0,-7.0167092985348775e-15,-90.0,47.90296301913101,54.750899999999994,77.2346,53.09703698086902,59.24909999999999,80.40000000000008,9040
CombinedShell,camera-x-axis,cam_x_pan,0.0,100.0,0.0,0.0,0.0,0.0,-66.5975448239,59.99999948968424,-27.0138905786,14.4865234487,140.00000051031563,70.3043581416,46100
LinkGroup006__Compound001,Compound001,camera_mount,0.0,100.0,0.0,0.0,0.0,0.0,-60.5273618698,45.4999999997,53.7574042398,21.472638130199996,154.500000001,84.60740424,278484
Shell003,camera-y-axis,cam_y_tilt,-290.0,0.0,0.0,0.0,0.0,0.0,-52.52730658370187,70.49942404869368,-40.0000001548,23.1025461469,129.50016843143658,39.9999998452,13298
Body002,camera-halte-platte-static-to-drone,camera_mount,30.0,220.0,-85.0,0.0,0.0,0.0,-70.0,59.286148,68.649734,30.0,144.286148,70.44809000000001,2084
Solid051,10x4.5R-front-right,prop_1,157.5,-77.0,170.0,0.0,0.0,90.0,30.498522540289756,-87.37248035322462,169.66346163757572,284.49852254028974,-66.62799049628204,178.42519412678078,150220
Solid052,10x4.5R-front-left,prop_2,157.5,276.5,170.0,0.0,0.0,90.0,30.498522540289756,266.1275196467754,169.66346163757572,284.49852254028974,286.87200950371795,178.42519412678078,150216
Solid053,10x4.5R-back-left,prop_3,-196.0,276.5,170.0,0.0,0.0,90.0,-323.00147745971026,266.1275196467754,169.66346163757572,-69.00147745971024,286.87200950371795,178.42519412678078,150214
Solid054,10x4.5R-back-right,prop_4,-196.0,-77.0,170.0,0.0,0.0,90.0,-323.00147745971026,-87.37248035322462,169.66346163757572,-69.00147745971024,-66.62799049628204,178.42519412678078,150208
Body004,"camera-yaxis-camera-cover-black-first-combine-this-with-yaxis-camera,make",cam_y_tilt,23.0,-60.0,0.0,0.0,0.0,0.0,23.0,80.403247,-20.52954806301521,24.0,121.475109,20.529548063015206,6296
Body005,"Lumenier-NAV-12,000-mAh-4S-Amprius-Li-ion-pack-0.465kg-blue-color-static-to-drone",base_link,181.5,136.0,-0.5,0.0,0.0,90.0,-63.05445900000001,64.0,146.923813,22.94554099999999,136.0,188.923813,12
LinkGroup015__LinkGroup007__Solid055,Solid055,base_link,22.0,65.0,142.0,180.0,7.016709298534876e-15,180.0,-63.090000009739995,69.1902126,142.0,18.911893407374,125.19800000487001,143.2,9842
LinkGroup015__LinkGroup007__Compound,Compound,base_link,22.0,65.0,142.0,180.0,7.016709298534876e-15,180.0,,,,,,,0
LinkGroup015__LinkGroup011__Solid056,TP_1R5,base_link,-28.190399999999997,112.87899999999999,143.0457434,0.0,-2.056800223965515e-07,0.0,-28.920396000358977,112.14923089589612,143.04574339737945,-27.460403999999997,113.60876910410386,143.14574320262054,500
LinkGroup015__LinkGroup011__Link097,TP_1R001,base_link,-26.1584,112.87899999999999,143.0457434,0.0,-2.056800223965515e-07,0.0,-26.88839600035898,112.14923089589612,143.04574339737945,-25.428404,113.60876910410386,143.14574320262054,500
LinkGroup015__LinkGroup011__Link098,TP_1R002,base_link,-24.126399999999997,112.87899999999999,143.0457434,0.0,-2.056800223965515e-07,0.0,-24.856396000358977,112.14923089589612,143.04574339737945,-23.396403999999997,113.60876910410386,143.14574320262054,500
LinkGroup015__LinkGroup011__Link099,TP_1R003,base_link,-22.0944,112.87899999999999,143.0457434,-179.99999979432,-2.0568000412720882e-07,-7.385883646604522e-15,-22.824396,112.1492308958308,143.04574339737945,-21.36440399964102,113.6087691041692,143.14574320262054,500
LinkGroup015__LinkGroup011__Link100,TP_1R004,base_link,-20.062399999999997,112.87899999999999,143.0457434,-179.99999979432,-2.0568000412720882e-07,-7.385883646604522e-15,-20.792395999999997,112.1492308958308,143.04574339737945,-19.332403999641016,113.6087691041692,143.14574320262054,500
LinkGroup015__LinkGroup011__Link101,TP_1R005,base_link,-18.0304,112.87899999999999,143.0457434,-179.99999979432,-2.0568000412720882e-07,-7.385883646604522e-15,-18.760396,112.1492308958308,143.04574339737945,-17.30040399964102,113.6087691041692,143.14574320262054,500
LinkGroup015__LinkGroup011__Link102,TP_1R006,base_link,-15.998399999999997,112.87899999999999,143.0457434,-179.99999979432,-2.0568000412720882e-07,-7.385883646604522e-15,-16.728395999999996,112.1492308958308,143.04574339737945,-15.268403999641016,113.6087691041692,143.14574320262054,500
LinkGroup015__LinkGroup011__LinkGroup008__Solid057,Solid057,base_link,-57.375,108.434,142.0,2.0568001537984219e-07,-7.016709298534876e-15,180.0,-61.898412002512856,105.01142533144252,139.2000056,-52.651587995692246,111.85657466910227,142.0000056,18174
LinkGroup015__LinkGroup011__LinkGroup008__Compound002,Compound002,base_link,-57.375,108.434,142.0,2.0568001537984219e-07,-7.016709298534876e-15,180.0,,,,,,,0
LinkGroup015__LinkGroup011__Solid058,BGA1253_17R00X17R00X1R10_1,base_link,-21.561,90.019,142.0,-89.99999969147997,-3.778280697573184e-23,-180.0,-30.06099604576984,81.51900395423016,140.67919999999998,-13.061003954230152,98.51899604576984,142.0,3088
LinkGroup015__LinkGroup011__Solid059,XPWR_1,base_link,-58.137,91.035,143.0457434,90.00000030852004,-2.056800234684769e-07,-8.243031644633917e-15,-59.40700002051567,89.76499999279672,143.04574339544095,-56.86699999316144,94.84500000683856,143.1473434136771,12
LinkGroup015__LinkGroup011__Solid060,BDGAR6S1_1,base_link,-43.6588984,121.7399932,142.0,-89.99999969147997,-3.778280697573184e-23,-180.0,-44.408960404038865,120.98993119596115,141.249938,-42.908836395961146,122.49005520403885,142.0,12
LinkGroup015__LinkGroup011__Link103,BDGAR6S1_001,base_link,-0.5209100000000007,121.7399932,142.0,-89.99999969147997,-3.778280697573184e-23,-180.0,-1.2709720040388675,120.98993119596115,141.249938,0.22915200403885194,122.49005520403885,142.0,12
LinkGroup015__LinkGroup011__LinkGroup009__Solid061,Solid061,base_link,15.269,71.5786,142.0,2.0568001537984219e-07,-7.016709298534876e-15,180.0,13.918989993717828,69.82859079515374,141.0599968,16.61901000628217,73.32860920484625,142.0,232
LinkGroup015__LinkGroup011__LinkGroup009__Compound003,Compound003,base_link,15.269,71.5786,142.0,2.0568001537984219e-07,-7.016709298534876e-15,180.0,,,,,,,0
LinkGroup015__LinkGroup011__Link104__Solid061,Solid061,base_link,-44.929,71.5786,142.0,2.0568001537984219e-07,-7.016709298534876e-15,180.0,-46.27901000628217,69.82859079515374,141.0599968,-43.57898999371783,73.32860920484625,142.0,232
LinkGroup015__LinkGroup011__Link104__Compound003,Compound003,base_link,-44.929,71.5786,142.0,2.0568001537984219e-07,-7.016709298534876e-15,180.0,,,,,,,0
LinkGroup015__LinkGroup011__LinkGroup010__Solid062,TS-B017_1,base_link,-60.64059999999995,1353.122925458,-302.238006113,-90.0,1.4134385004423869e-11,90.00000000000001,-62.260599999999904,79.86529899989046,140.75000000008595,-60.64059999999991,83.16529883784733,142.99998096884008,1434
LinkGroup015__LinkGroup011__LinkGroup010__Solid063,TS-B017_2,base_link,-60.64059999999995,1353.122925458,-302.238006113,-90.0,1.4134385004423869e-11,90.00000000000001,-62.3105999999999,80.93888846529694,140.75000000008703,-60.64059999999991,85.16529899989064,143.84151469738663,1742
LinkGroup015__LinkGroup011__LinkGroup010__Solid064,TS-B017_3,base_link,-60.64059999999995,1353.122925458,-302.238006113,-90.0,1.4134385004423869e-11,90.00000000000001,-63.14059999999991,79.51529899989077,140.6000000000862,-60.640599999999516,85.51529899989077,144.10000000008682,1150
LinkGroup015__LinkGroup011__LinkGroup010__Solid065,TS-B017_4,base_link,-60.64059999999995,1353.122925458,-302.238006113,-90.0,1.4134385004423869e-11,90.00000000000001,-63.290599999999905,79.46529899989036,140.65000000008632,-61.865599999997904,85.56529899989073,144.05000000008687,1446
LinkGroup015__LinkGroup011__LinkGroup010__Solid066,TS-B017_5,base_link,-60.64059999999995,1353.122925458,-302.238006113,-90.0,1.4134385004423869e-11,90.00000000000001,-62.540599999999905,80.61529899989,140.60000000008625,-62.4905999999999,84.41529899989064,143.95000000008685,68
LinkGroup015__LinkGroup011__LinkGroup010__Solid067,TS-B017_6,base_link,-60.64059999999995,1353.122925458,-302.238006113,-90.0,1.4134385004423869e-11,90.00000000000001,-63.740599999956906,80.71529899989014,141.1499999997862,-62.5405999999569,84.31529899989073,143.54999999978696,2508
LinkGroup015__LinkGroup011__Link105__Solid062,TS-B017_1,base_link,-60.64059999999995,1363.157925458,-302.238006113,-90.0,1.4134385004423869e-11,90.00000000000001,-62.260599999999904,89.90029899989031,140.75000000008595,-60.64059999999991,93.20029883784719,142.99998096884008,1434
LinkGroup015__LinkGroup011__Link105__Solid063,TS-B017_2,base_link,-60.64059999999995,1363.157925458,-302.238006113,-90.0,1.4134385004423869e-11,90.00000000000001,-62.3105999999999,90.9738884652968,140.75000000008703,-60.64059999999991,95.20029899989049,143.84151469738663,1742
LinkGroup015__LinkGroup011__Link105__Solid064,TS-B017_3,base_link,-60.64059999999995,1363.157925458,-302.238006113,-90.0,1.4134385004423869e-11,90.00000000000001,-63.14059999999991,89.55029899989063,140.6000000000862,-60.640599999999516,95.55029899989063,144.10000000008682,1150
LinkGroup015__LinkGroup011__Link105__Solid065,TS-B017_4,base_link,-60.64059999999995,1363.157925458,-302.238006113,-90.0,1.4134385004423869e-11,90.00000000000001,-63.290599999999905,89.50029899989022,140.65000000008632,-61.865599999997904,95.60029899989058,144.05000000008687,1446
LinkGroup015__LinkGroup011__Link105__Solid066,TS-B017_5,base_link,-60.64059999999995,1363.157925458,-302.238006113,-90.0,1.4134385004423869e-11,90.00000000000001,-62.540599999999905,90.65029899988986,140.60000000008625,-62.4905999999999,94.45029899989049,143.95000000008685,68
LinkGroup015__LinkGroup011__Link105__Solid067,TS-B017_6,base_link,-60.64059999999995,1363.157925458,-302.238006113,-90.0,1.4134385004423869e-11,90.00000000000001,-63.740599999956906,90.75029899988999,141.1499999997862,-62.5405999999569,94.35029899989058,143.54999999978696,2508
LinkGroup015__LinkGroup011__Link106__Solid062,TS-B017_1,base_link,-60.64059999999995,1373.192925458,-302.238006113,-90.0,1.4134385004423869e-11,90.00000000000001,-62.260599999999904,99.93529899989039,140.75000000008595,-60.64059999999991,103.23529883784727,142.99998096884008,1434
LinkGroup015__LinkGroup011__Link106__Solid063,TS-B017_2,base_link,-60.64059999999995,1373.192925458,-302.238006113,-90.0,1.4134385004423869e-11,90.00000000000001,-62.3105999999999,101.00888846529688,140.75000000008703,-60.64059999999991,105.23529899989057,143.84151469738663,1742
LinkGroup015__LinkGroup011__Link106__Solid064,TS-B017_3,base_link,-60.64059999999995,1373.192925458,-302.238006113,-90.0,1.4134385004423869e-11,90.00000000000001,-63.14059999999991,99.58529899989071,140.6000000000862,-60.640599999999516,105.58529899989071,144.10000000008682,1150
LinkGroup015__LinkGroup011__Link106__Solid065,TS-B017_4,base_link,-60.64059999999995,1373.192925458,-302.238006113,-90.0,1.4134385004423869e-11,90.00000000000001,-63.290599999999905,99.5352989998903,140.65000000008632,-61.865599999997904,105.63529899989067,144.05000000008687,1446
LinkGroup015__LinkGroup011__Link106__Solid066,TS-B017_5,base_link,-60.64059999999995,1373.192925458,-302.238006113,-90.0,1.4134385004423869e-11,90.00000000000001,-62.540599999999905,100.68529899988994,140.60000000008625,-62.4905999999999,104.48529899989057,143.95000000008685,68
LinkGroup015__LinkGroup011__Link106__Solid067,TS-B017_6,base_link,-60.64059999999995,1373.192925458,-302.238006113,-90.0,1.4134385004423869e-11,90.00000000000001,-63.740599999956906,100.78529899989007,141.1499999997862,-62.5405999999569,104.38529899989067,143.54999999978696,2508
LinkGroup015__Solid068,USB_A_00,base_link,-54.09,126.518,141.6,180.0,7.0167092985348775e-15,-90.0,-62.090000000108006,112.79799999264,138.739999992452,-46.089999999892,126.69800000358211,144.460000007548,12318
LinkGroup015__Link107,USB_A_001,base_link,9.9097,126.518,141.6,180.0,7.0167092985348775e-15,-90.0,1.9096999998919983,112.79799999264,138.739999992452,17.909700000108003,126.69800000358211,144.460000007548,12318
LinkGroup015__LinkGroup012__Solid069,Solid069,base_link,-22.049999999999997,120.45,141.29999999999998,180.0,7.0167092985348775e-15,90.0,-31.45,114.2,138.52952877042298,-12.649999999999995,126.7,144.114354692138,16722
LinkGroup015__LinkGroup012__Solid070,Solid070,base_link,-22.049999999999997,120.45,141.29999999999998,180.0,7.0167092985348775e-15,90.0,-28.075,114.2,139.05999999999997,-16.024999999999995,117.57000000000001,141.49999999999997,656
LinkGroup015__LinkGroup012__Solid071,Solid071,base_link,-22.049999999999997,120.45,141.29999999999998,180.0,7.0167092985348775e-15,90.0,-27.575,114.75,139.05999999999997,-16.524999999999995,117.57000000000001,139.92,252
LinkGroup015__Solid072,WI-FI,base_link,7.6,85.455,142.0,180.0,7.0167092985348775e-15,-90.0,0.10000000000000142,78.955,140.2,15.1,91.955,142.0,9040
LinkGroup015__Solid073,BM04B-SURS-TF,base_link,12.410398429347,103.364992779,141.3,90.00000030852004,3.778280697573184e-23,180.0,13.860398392865726,106.06499279138478,140.0,17.110398414808337,111.46499280430804,142.0,300
LinkGroup015__Solid074,TYPE_C_24PSMT_020001,base_link,-52.394999999999996,126.69800000000001,140.32,4.9615627266087134e-15,-1.1978272025143591e-14,-89.99999999999999,-41.864999999999995,118.598,138.73999999999998,-32.925,126.69800000000001,142.5,22580
LinkGroup015__Link108,TYPE_C_24PSMT_020002,base_link,-21.795,126.69800000000001,140.32,4.9615627266087134e-15,-1.1978272025143591e-14,-89.99999999999999,-11.265,118.598,138.74,-2.325000000000003,126.69800000000001,142.5,22580
LinkGroup015__LinkGroup013__Compound004,_231,base_link,22.0,65.0,142.0,180.0,7.016709298534876e-15,180.0,,,,,,,0
LinkGroup015__Compound005,E2-XIN,base_link,18.9118934,69.1902126,143.2,0.0,-1.4033418597069752e-14,0.0,,,,,,,0
LinkGroup015__Solid075,FH34SRJ-40S-0_5SH,base_link,-12.838106600000003,71.5902126,143.2,0.0,-1.4033418597069752e-14,0.0,-23.838106600000003,69.6902126,143.2,-1.8381066000000033,73.4902126,144.2,3312
LinkGroup015__Solid076,FH34SRJ-30S-0_5SH,base_link,8.1118934,71.5902126,143.2,0.0,-1.4033418597069752e-14,0.0,-0.3881066000000004,69.6902126,143.2,16.6118934,73.4902126,144.2,2592
LinkGroup015__Link109,FH34SRJ-30S-0_5SH001,base_link,-33.8881066,71.5902126,143.2,0.0,-1.4033418597069752e-14,0.0,-42.3881066,69.6902126,143.2,-25.3881066,73.4902126,144.2,2592
LinkGroup015__Link110,FH34SRJ-30S-0_5SH002,base_link,-52.3381066,71.5902126,143.2,0.0,-1.4033418597069752e-14,0.0,-60.8381066,69.6902126,143.2,-43.8381066,73.4902126,144.2,2592
LinkGroup015__Link111,FH34SRJ-30S-0_5SH003,base_link,-32.74,71.551502,142.0,180.0,7.016709298534876e-15,180.0,-41.24,69.651502,141.0,-24.240000000000002,73.451502,142.0,2592
LinkGroup015__Link112,FH34SRJ-30S-0_5SH004,base_link,-14.240000000000002,71.551502,142.0,180.0,7.016709298534876e-15,180.0,-22.740000000000002,69.651502,141.0,-5.740000000000002,73.451502,142.0,2592
LinkGroup015__Link113,FH34SRJ-30S-0_5SH005,base_link,4.260000000000002,71.551502,142.0,180.0,7.016709298534876e-15,180.0,-4.239999999999998,69.651502,141.0,12.760000000000002,73.451502,142.0,2592
LinkGroup015__LinkGroup014__Solid077,ECT818000500_1_09_22,base_link,17.170086399998297,86.76785280000001,142.0,-179.99999979432002,1.1978272034049081e-14,-4.961562692514686e-15,16.17008639766493,85.7678527993718,141.39999999999998,18.170086402331663,87.76785280080772,142.0,4394
LinkGroup015__Link114__Solid077,ECT818000500_1_09_22,base_link,17.170086399998297,80.97586540000002,142.0,-179.99999979432002,1.1978272034049081e-14,-4.961562692514686e-15,16.17008639766493,79.9758653993718,141.39999999999998,18.170086402331663,81.97586540080772,142.0,4394
LinkGroup015__Solid078,BGA169_INAND_1,base_link,-49.553959000000006,88.0185248,142.0,180.0,7.016709298534876e-15,180.0,-55.40396000000001,81.4185126,141.36499999999998,-43.762759,94.618537,142.0,804
LinkGroup015__Solid079,BGA200_15R00X10R00X0R90,base_link,-37.09,89.170215,142.0,180.0,7.016709298534876e-15,180.0,-42.09,81.6552238,141.1872,-32.09,96.6602126,142.0,1164
LinkGroup015__Link115,BGA200_15R00X10R00X0R001,base_link,-22.5799976,105.5902126,142.0,90.0,0.0,180.0,-30.094988800000003,100.5902126,141.1872,-15.089999999999996,110.5902126,142.0,1164
xiao_esp32s3_v3_with_pins,xiao-esp32s3-v3-with-pins-static-to-drone,base_link,-60.0,100.0,120.0,0.0,0.0,-89.99999999999999,-71.81045532226562,91.39599514007568,117.4329833984375,-49.328460693359375,109.17599582672119,129.89297485351562,30904
